iso3,country,income_group,extent_2000_ha,permanent_loss_ha,shifting_loss_ha,total_loss_ha,permanent_loss_share,total_loss_share,permanent_plus_shifting_share,gdp_pc_mean,gdp_pc_geomean,log_gdp_pc_mean,gdp_years_used
AFG,Afghanistan,Low income,205771.1337,223.4285499,0,1912.066093,0.001085810949,0.009292197886,0.001085810949,2407.475226,2350.515553,7.786333853,24
AGO,Angola,Lower middle income,55276134.72,2863550.938,1250009.236,4230230.155,0.05180447136,0.07652905139,0.07441837593,9767.527213,9656.142473,9.186818613,24
ALB,Albania,Upper middle income,648459.3932,5031.433016,0,47318.59103,0.007759056416,0.0729707851,0.007759056416,13262.87885,12645.42407,9.492724348,24
ARG,Argentina,Upper middle income,39069969.44,5677000.482,574.1988313,6968754.084,0.1453034278,0.1783659978,0.1453181244,26007.28553,25817.5325,10.16613199,24
ARM,Armenia,Upper middle income,336844.951,364.0836715,0,2229.723768,0.001080864268,0.006619436513,0.001080864268,12230.52621,11522.9718,9.411690254,24
AUS,Australia,High income,42281440.14,410014.1581,256.7643166,9218332.563,0.009697260945,0.2180231452,0.009703333688,54099.10511,53928.53726,10.89857292,24
AUT,Austria,High income,4340283.612,8032.62823,0,439217.1484,0.001850715056,0.101195495,0.001850715056,60420.2208,60334.24354,11.00907911,24
AZE,Azerbaijan,Upper middle income,1268606.824,3824.265171,0,8334.894984,0.003014539335,0.006570116782,0.003014539335,17041.83561,15936.68522,9.743426518,24
BDI,Burundi,Low income,537671.0451,31551.54152,724.9631242,37509.29193,0.05868186842,0.0697625291,0.06003020795,1013.151418,1012.922739,6.920820968,24
BEL,Belgium,High income,865424.7619,6144.946636,0,122771.9786,0.007100497821,0.1418632607,0.007100497821,57059.67131,56962.79944,10.95185286,24
BEN,Benin,Lower middle income,168201.6713,46912.77026,219.4434633,47918.17342,0.2789078723,0.2848852396,0.2802125173,2983.100367,2961.787006,8.00071843,24
BGD,Bangladesh,Lower middle income,1938957.31,41763.6707,197210.0526,261747.1197,0.02153924198,0.1349937507,0.1232485739,5082.731883,4778.541565,8.533604168,24
BGR,Bulgaria,High income,4138949.863,5362.355858,0,150159.6242,0.001295583671,0.0362796432,0.001295583671,23567.45177,22819.21775,10.06762188,24
BHS,"Bahamas, The",High income,303575.2876,6473.383263,170.3111504,30168.918,0.02132381497,0.09937870186,0.0218848328,33597.08945,33531.44499,10.42219472,24
BIH,Bosnia and Herzegovina,Upper middle income,2657979.783,5157.521196,0,41156.20576,0.001940391431,0.01548401761,0.001940391431,13592.994,13105.0102,9.517309792,24
BLR,Belarus,Upper middle income,9118583.188,16925.32135,0,1172884.883,0.001856134993,0.1286257809,0.001856134993,22784.94354,22058.39782,10.03385523,24
BLZ,Belize,Upper middle income,1751750.283,232112.1409,34844.49513,336684.9235,0.1325029847,0.1921991546,0.1523942303,12087.4652,12070.92657,9.399924261,24
BOL,Bolivia,Lower middle income,64556285.13,5648862.811,178934.0902,9778670.094,0.08750291006,0.1514751054,0.09027466326,9879.383756,9754.227171,9.198205416,24
BRA,Brazil,Upper middle income,519056655.7,54744108.44,1694549.04,73317073.89,0.1054684644,0.1412506189,0.1087331351,17295.82118,17209.63776,9.758220201,24
BRN,Brunei Darussalam,High income,529332.4556,19664.37047,518.8324948,32441.73897,0.0371493761,0.06128802159,0.03812953987,87961.99636,87484.88804,11.38466014,24
BTN,Bhutan,Lower middle income,2577237.821,10931.65678,1462.056159,27396.71178,0.004241617399,0.01063026142,0.004808913186,10715.9636,10212.43482,9.279489834,24
CAF,Central African Republic,Low income,47073506.18,586572.3289,435244.4012,1076630.912,0.01246077415,0.0228712709,0.02170683284,1214.375641,1205.36735,7.101985348,24
CAN,Canada,High income,417882128.6,847730.4237,0,62612041.73,0.002028635267,0.1498318244,0.002028635267,54300.07573,54231.45642,10.9022809,24
CHE,Switzerland,High income,1543999.215,2738.713036,0,53040.77654,0.001773778775,0.03435285201,0.001773778775,77248.13945,77083.62157,11.25477811,24
CHL,Chile,High income,19214324.09,100090.0164,52.84879313,2394150.455,0.005209135431,0.124602377,0.00521188592,25145.57449,24837.72459,10.1324372,24
CHN,China,Upper middle income,162873594.1,2174753.359,140456.5265,12766733.49,0.01335239988,0.07838430509,0.01421476513,13036.45984,11517.26386,9.475505314,24
CIV,Cote d'Ivoire,Lower middle income,14866947.38,3847696.945,132274.6094,3985673.441,0.258808809,0.2680895639,0.2677060362,4936.575154,4859.99516,8.504427081,24
CMR,Cameroon,Lower middle income,31459320.73,969865.8704,1124447.753,2226205.272,0.03082920571,0.07076456898,0.06657211836,4486.409634,4475.164078,8.408808025,24
COD,"Congo, Dem. Rep.",Low income,199272121.1,3124820.949,17430453.09,21072349.01,0.01568117473,0.1057465986,0.1031517802,1243.952478,1226.632126,7.126049072,24
COG,"Congo, Rep.",Lower middle income,26388421.38,111436.8787,804379.4973,1150323.32,0.004222946006,0.04359197178,0.03470523541,7633.341594,7575.181028,8.940280983,24
COL,Colombia,Upper middle income,81854357.37,5017776.593,298788.3208,5602698.377,0.0613012765,0.068447161,0.06495151981,15003.19506,14786.18429,9.616018462,24
COM,Comoros,Lower middle income,134784.166,3822.694929,2455.413993,6620.793707,0.02836160242,0.04912145027,0.04657897962,3309.307168,3304.884259,8.104494132,24
CRI,Costa Rica,High income,3913125.531,263644.4922,11296.50607,287005.502,0.06737440191,0.07334431255,0.07026122626,20087.40876,19737.31514,9.907848468,24
CZE,Czechia,High income,3080968.587,3692.511667,0,591561.9693,0.001198490527,0.1920051933,0.001198490527,40709.17447,40326.45532,10.61420876,24
DEU,Germany,High income,12526018.42,44014.79316,0,1442277.384,0.003513869427,0.1151425247,0.003513869427,57419.7326,57229.21276,10.9581433,24
DNK,Denmark,High income,663204.5459,3743.026998,0,103145.6113,0.005643850033,0.1555260922,0.005643850033,62987.29109,62873.86854,11.05068826,24
DOM,Dominican Republic,Upper middle income,2576438.467,309653.7655,45678.8407,393948.0001,0.1201867498,0.1529040981,0.1379162013,16692.63921,16168.6583,9.722723135,24
DZA,Algeria,Upper middle income,1223324.152,19827.06086,35.56514778,231653.3465,0.01620752833,0.1893638298,0.01623660088,14360.2739,14323.7723,9.572220916,24
ECU,Ecuador,Upper middle income,19048767.72,829285.6493,167371.9434,1060476.923,0.04353487121,0.05567168115,0.05232136837,12392.90449,12280.0693,9.424879369,24
EGY,"Egypt, Arab Rep.",Lower middle income,154304.1227,1091.262779,0,1845.761953,0.007072155691,0.01196184471,0.007072155691,13195.1818,13037.04272,9.487607027,24
ESP,Spain,High income,11018935.46,80207.88763,0,1720569.112,0.007279095876,0.1561465823,0.007279095876,43811.81974,43758.11783,10.68765892,24
EST,Estonia,High income,2639420.424,10402.47805,0,627080.5531,0.003941197831,0.2375826705,0.003941197831,34787.61358,34190.24615,10.45701667,24
ETH,Ethiopia,Low income,12040337.07,464905.6385,25079.28164,531667.3766,0.03861234415,0.04415718377,0.04069528265,1720.766779,1578.835957,7.450525272,24
FIN,Finland,High income,21627650.44,107165.4022,0,4854533.216,0.004955018232,0.2244595745,0.004955018232,54106.66919,54042.5701,10.89871273,24
FJI,Fiji,Upper middle income,1556561.891,2206.412489,638.0505372,54075.66998,0.001417491011,0.03474045605,0.001827401173,10845.84354,10758.83914,9.291537202,24
FRA,France,High income,16783019.86,75987.57706,0,1557545.081,0.004527646258,0.09280481669,0.004527646258,50306.0108,50252.37655,10.82587985,24
GAB,Gabon,Upper middle income,24690954.4,128711.419,310308.6154,554641.6152,0.005212897683,0.02246335262,0.01778060205,19522.7703,19502.37741,9.879336771,24
GBR,United Kingdom,High income,3697148.458,18216.02145,0,585341.3877,0.004927046251,0.1583223921,0.004927046251,49609.22843,49537.809,10.81193215,24
GEO,Georgia,Upper middle income,3144570.422,2114.576569,0,12394.35967,0.0006724532399,0.003941511243,0.0006724532399,13671.20404,12739.6666,9.523047005,24
GHA,Ghana,Lower middle income,6968885.81,1720194.204,20701.56938,1752039.946,0.2468392009,0.2514089044,0.2498097718,5147.912817,4996.954882,8.546346633,24
GIN,Guinea,Lower middle income,8159636.171,525482.4339,1759648.829,2292469.443,0.0644002285,0.2809524095,0.2800530827,2985.935999,2942.215317,8.001668544,24
GNB,Guinea-Bissau,Low income,1069851.782,139191.331,78420.53331,219046.026,0.1301033782,0.2047442737,0.2034037499,2253.111766,2243.45583,7.720067547,24
GNQ,Equatorial Guinea,Upper middle income,2654599.598,45634.78693,91649.66052,155328.7065,0.01719083622,0.05851304527,0.05171568907,26192.81547,24943.97648,10.17324043,24
GRC,Greece,High income,3672607.768,26004.64273,0,305710.3804,0.007080702425,0.08324068338,0.007080702425,35096.49129,34923.40962,10.46585644,24
GTM,Guatemala,Upper middle income,7691096.17,1534873.599,193213.9518,1890555.509,0.199564999,0.2458109309,0.2246867693,10405.86631,10345.88094,9.250124994,24
GUY,Guyana,High income,18996037.48,154064.3016,57753.76864,376138.1801,0.008110338894,0.01980087587,0.011150645,16600.80751,13373.12298,9.717206618,24
HND,Honduras,Lower middle income,7740495.923,1328003.422,69858.96785,1475114.417,0.1715656769,0.1905710476,0.180590805,5618.427773,5589.132853,8.633807148,24
HRV,Croatia,High income,2431303.042,7583.623573,0,113458.3267,0.003119160155,0.04666564586,0.003119160155,30991.58156,30608.73988,10.34147088,24
HTI,Haiti,Lower middle income,858467.5423,50403.16671,24343.87226,81347.24795,0.05871295561,0.09475867629,0.08707031458,3229.294641,3224.954075,8.080019015,24
HUN,Hungary,High income,1989595.847,4645.237635,0,275267.4043,0.002334764441,0.1383534273,0.002334764441,31377.91874,30952.92912,10.3538597,24
IDN,Indonesia,Upper middle income,160640822.2,23710312.52,2208128.759,31963107.99,0.1475983016,0.1989725124,0.1613440527,9970.746125,9640.007221,9.207410697,24
IND,India,Lower middle income,32620760.32,692397.2649,1395111.859,2307054.327,0.02122566299,0.07072349953,0.06399327005,5745.30656,5436.051236,8.65613855,24
IRL,Ireland,High income,838578.629,8260.563731,0,161122.4602,0.009850672848,0.1921375702,0.009850672848,77904.04355,74993.45189,11.26323314,24
IRN,"Iran, Islamic Rep.",Upper middle income,1731670.324,1376.379229,50.35458948,4159.097995,0.0007948275201,0.002401783953,0.0008239061437,15059.69033,15003.38277,9.619776939,24
ITA,Italy,High income,9317984.942,50179.49194,0,521657.1031,0.005385229988,0.05598389634,0.005385229988,49989.87025,49943.29104,10.81957567,24
JAM,Jamaica,Upper middle income,768452.064,43539.46284,9031.932868,56771.30209,0.05665865821,0.07387748013,0.06841206911,10304.96319,10294.21653,9.240380922,24
JPN,Japan,High income,26387218.54,108791.9559,38.10061848,969062.4723,0.004122903511,0.03672469196,0.004124347415,43428.13172,43359.96501,10.67886271,24
KAZ,Kazakhstan,Upper middle income,4240314.907,4231.303191,0.05040253184,87512.75363,0.0009978747533,0.02063826757,0.0009978866398,27350.1861,26558.27839,10.21647861,24
KEN,Kenya,Lower middle income,3319471.652,295767.9965,3658.478704,400386.2532,0.08910092552,0.1206174642,0.09020305233,4526.675195,4481.594766,8.417742997,24
KGZ,Kyrgyz Republic,Lower middle income,674934.4216,442.6131971,0,2612.654754,0.0006557869668,0.003870975713,0.0006557869668,5203.455026,5127.363148,8.557078112,24
KHM,Cambodia,Lower middle income,8828151.884,2823214.294,30891.05794,2921505.167,0.3197967515,0.330930551,0.3232959049,4458.268064,4163.022479,8.402515643,24
KOR,"Korea, Rep.",High income,5368013.305,63194.00483,19.68095276,351481.5894,0.01177232642,0.06547703394,0.01177599275,41884.9922,41054.38616,10.64268286,24
LAO,Lao PDR,Lower middle income,19118849.48,2002662.748,3112900.988,5163124.571,0.1047480786,0.2700541461,0.267566505,5829.941495,5498.64936,8.670762244,24
LBR,Liberia,Low income,9384718.071,664236.5239,1830292.042,2522056.789,0.07077852727,0.2687408157,0.2658075126,1580.517847,1572.632536,7.365507824,24
LKA,Sri Lanka,Upper middle income,3939917.134,222043.1853,1611.653986,233610.9834,0.0563573237,0.05929337483,0.05676638154,11036.90731,10600.49797,9.309000146,24
LTU,Lithuania,High income,2336224.344,3195.365598,0,442556.4187,0.001367747754,0.1894323291,0.001367747754,32971.25628,31587.72123,10.40339144,24
LUX,Luxembourg,High income,101328.2819,210.4009276,0,11018.85489,0.002076428452,0.1087441204,0.002076428452,129431.659,129322.4528,11.77090829,24
LVA,Latvia,High income,3553508.43,6713.358423,0,967837.5247,0.001889219782,0.2723611168,0.001889219782,28664.02418,27861.52589,10.2633981,24
MAR,Morocco,Lower middle income,648566.1265,16603.26302,0,60009.16603,0.02559995403,0.09252590226,0.02559995403,7487.392558,7398.197503,8.920975893,24
MDA,Moldova,Upper middle income,356004.4613,427.286281,0,15228.95467,0.001200227322,0.04277742648,0.001200227322,11118.89468,10680.39479,9.316401164,24
MDG,Madagascar,Low income,17141084.13,1066432.906,3632970.052,5153136.033,0.06221502085,0.3006306949,0.2741601945,1642.489623,1641.239078,7.403968433,24
MEX,Mexico,Upper middle income,53168926.08,4196770.221,325560.2593,5216319.202,0.07893276261,0.09810841758,0.08505589286,20827.91935,20813.19929,9.944049642,24
MKD,North Macedonia,Upper middle income,782000.0469,1878.278657,0,50027.65897,0.002401890722,0.06397398461,0.002401890722,17730.84346,17307.71208,9.78306097,24
MMR,Myanmar,Lower middle income,42863360.74,1933549.803,3109181.498,5147299.173,0.0451096174,0.1200862248,0.1176466617,4192.206594,3853.230196,8.340982508,24
MNE,Montenegro,Upper middle income,616459.4206,2962.7817,0,21202.5667,0.004806126082,0.03439409959,0.004806126082,20480.91963,20150.19286,9.927248982,24
MNG,Mongolia,Upper middle income,4090459.046,2788.004417,4.606364009,439095.6321,0.0006815871729,0.1073462971,0.0006827132969,11637.65566,11035.58416,9.362001297,24
MOZ,Mozambique,Low income,28920530.97,3596631.973,902742.1886,4594925.539,0.1243625844,0.1588810919,0.155577163,1275.480339,1248.394852,7.151078123,24
MWI,Malawi,Low income,1521028.052,167064.3932,59255.47483,264315.9801,0.1098364971,0.1737745597,0.1487940132,1475.007648,1462.183134,7.296418454,24
MYS,Malaysia,Upper middle income,29444768.37,7347622.728,203229.536,9513556.331,0.2495391587,0.3230983586,0.256441218,25685.95958,25247.93362,10.1536998,24
NGA,Nigeria,Lower middle income,10048743.17,1298016.671,121483.1755,1438629.707,0.1291720415,0.1431651384,0.1412614316,7544.147356,7466.479703,8.928527357,24
NIC,Nicaragua,Lower middle income,7773867.497,1707567.561,70558.82884,2001074.655,0.2196548323,0.2574104403,0.2287312449,6272.207023,6211.509153,8.743883569,24
NLD,Netherlands,High income,593055.3175,4123.225681,0,33410.04602,0.006952514478,0.05633546321,0.006952514478,63134.9169,62987.31854,11.05302925,24
NOR,Norway,High income,11739515.5,49203.34925,0,1029789.304,0.004191258936,0.0877199152,0.004191258936,86963.27235,86840.75196,11.37324115,24
NPL,Nepal,Lower middle income,5161037.371,32626.90865,903.3964505,58319.74701,0.006321773378,0.01130000479,0.006496815019,3512.376103,3407.280532,8.16404804,24
NZL,New Zealand,High income,11255803.76,151294.1352,44.22986079,1505119.795,0.01344143328,0.1337194417,0.0134453628,43745.14527,43600.57048,10.68613592,24
PAK,Pakistan,Lower middle income,681137.68,617.3890483,0,9533.413952,0.0009064085961,0.01399630975,0.0009064085961,4558.320966,4516.271152,8.424709625,24
PAN,Panama,High income,5734588.5,421066.3453,98206.38882,530643.6975,0.07342572973,0.09253387535,0.09055100189,25540.80377,24483.9992,10.1480326,24
PER,Peru,Upper middle income,78063554.93,2907321.228,836379.0027,4350808.934,0.03724300322,0.05573418911,0.04795708105,12528.82568,12184.82466,9.435787322,24
PHL,Philippines,Upper middle income,18599368.16,934169.5337,489044.7724,1524276.617,0.05022587466,0.0819531397,0.07651949755,7177.68471,6973.914235,8.878732146,24
PNG,Papua New Guinea,Lower middle income,42920262.31,252755.5978,868233.3927,1955428.151,0.005888957433,0.04555955732,0.0261179436,3705.495265,3676.139005,8.217572204,24
POL,Poland,High income,10439497.6,34976.67942,0,1443755.269,0.003350417881,0.1382973899,0.003350417881,30336.66951,29284.62484,10.32011247,24
PRI,Puerto Rico (US),High income,523695.5328,35003.35071,9341.762539,77286.37431,0.06683912411,0.1475788306,0.08467727997,41482.67762,41468.54656,10.63303121,24
PRT,Portugal,High income,2302483.66,36569.17463,0,1253088.678,0.0158824904,0.5442334727,0.0158824904,37182.37329,37121.49014,10.52359009,24
PRY,Paraguay,Upper middle income,24273208.13,6748252.259,610.6579733,7218923.783,0.2780123758,0.2974029533,0.2780375334,13115.94141,12920.33756,9.481583671,24
ROU,Romania,High income,7915159.805,7423.589775,0,452818.9814,0.0009378951225,0.05720907632,0.0009378951225,28297.96438,27311.56265,10.25054515,24
RUS,Russian Federation,High income,761226509.4,1008638.948,174.3064797,88831080.38,0.001325018159,0.1166946754,0.00132524714,33317.96761,32828.39981,10.4138521,24
RWA,Rwanda,Low income,497954.7589,25879.94267,1042.356629,49771.25646,0.05197247784,0.09995136219,0.0540657536,2101.488429,2006.013503,7.650401148,24
SLB,Solomon Islands,Lower middle income,2741593.308,14212.45617,51968.80946,239795.2935,0.005184013297,0.08746566922,0.02413970935,2474.232034,2461.751217,7.813685337,24
SLE,Sierra Leone,Low income,5617879.807,435614.9417,1731192.385,2171470.786,0.07754080838,0.3865285232,0.3856984132,2594.95925,2571.840878,7.861326092,24
SLV,El Salvador,Upper middle income,988820.0882,83775.86301,198.7914994,85428.97027,0.08472305934,0.08639485715,0.08492409844,9319.764035,9245.665944,9.139892589,24
SRB,Serbia,Upper middle income,2730304.724,3860.648935,0,78479.19449,0.001413999288,0.02874374929,0.001413999288,18581.90572,18186.35116,9.829943576,24
SUR,Suriname,Upper middle income,13949794.87,149299.9502,41651.41234,286261.8642,0.01070266277,0.02052086549,0.013688471,20851.76908,20703.69297,9.945194072,24
SVK,Slovak Republic,High income,2396834.506,2895.496416,0,251647.8938,0.001208050205,0.1049917686,0.001208050205,30776.51044,30058.24606,10.33450703,24
SVN,Slovenia,High income,1291918.435,4944.366569,0,62285.29632,0.00382715072,0.04821147731,0.00382715072,39570.32618,39275.81375,10.58583478,24
SWE,Sweden,High income,27883711.64,66677.03091,0,6126884.169,0.002391253782,0.2197298641,0.002391253782,56834.88965,56681.27678,10.94790567,24
SWZ,Eswatini,Lower middle income,469223.1451,9909.120805,81.93582875,110903.9733,0.02111814157,0.2363565702,0.02129276174,8571.680185,8469.840706,9.056219047,24
SYR,Syrian Arab Republic,Low income,105939.9322,871.3559597,0,30464.56453,0.008225000162,0.2875645085,0.008225000162,7139.020777,6861.423342,8.8733309,22
TCD,Chad,Low income,409749.6761,80625.89069,894.8158335,84622.88938,0.1967686502,0.2065233832,0.1989524612,2499.646711,2475.149805,7.823904685,24
TGO,Togo,Lower middle income,551477.4229,60926.0945,20867.87066,82077.98245,0.1104779488,0.1488328969,0.1483178853,2528.000606,2502.577721,7.835183995,24
THA,Thailand,Upper middle income,19955448.41,2357748.797,300461.3042,2691171.887,0.1181506298,0.1348590035,0.1332072348,17541.39708,17280.79741,9.772318914,24
TLS,Timor-Leste,Lower middle income,726234.9039,30308.50899,1157.276271,33689.27411,0.04173375422,0.04638894926,0.04332728307,4240.76043,4149.177354,8.352497879,24
TTO,Trinidad and Tobago,High income,391844.1304,22755.87051,1755.724142,25448.62366,0.05807378175,0.06494578247,0.0625544515,32386.15105,31979.48113,10.38548617,24
TUN,Tunisia,Lower middle income,223928.2207,2962.65372,24.62374499,38152.58539,0.01323037226,0.1703786386,0.01334033493,11918.06262,11855.40971,9.385810395,24
TUR,Turkiye,Upper middle income,10060811.77,81675.85415,0,772191.2734,0.008118217098,0.0767523825,0.008118217098,23863.91978,22989.21775,10.08012296,24
TZA,Tanzania,Lower middle income,26405606.71,2765831.803,514381.7333,3475733.848,0.1047441111,0.1316286304,0.1242241306,2863.209351,2805.627551,7.959698425,24
UGA,Uganda,Low income,7764952.314,944066.641,28565.41212,1164708.915,0.1215804815,0.1499956301,0.1252592436,2293.376684,2253.815713,7.737780545,24
UKR,Ukraine,Upper middle income,11133282.26,19681.16541,0,1344389.537,0.001767777458,0.1207541052,0.001767777458,16175.51184,16055.57856,9.691253763,24
URY,Uruguay,High income,1693390.174,43543.5408,0,439463.8859,0.02571382631,0.2595172056,0.02571382631,25309.95109,24747.37585,10.13895292,24
USA,United States,High income,279375325.2,3925050.047,0,49462861.08,0.01404937979,0.1770480663,0.01404937979,63607.18666,63353.34665,11.06048174,24
UZB,Uzbekistan,Lower middle income,106176.3729,392.3306387,0,1186.199994,0.003695084209,0.01117197698,0.003695084209,6850.071412,6431.716361,8.832014356,24
VNM,Viet Nam,Upper middle income,16550834.58,1346851.423,574618.503,3687319.307,0.08137664698,0.2227875149,0.1160950474,8683.323226,8206.439233,9.069159595,24
VUT,Vanuatu,Lower middle income,1181153.065,2367.936207,497.320464,17601.0106,0.002004766594,0.01490154927,0.002425813178,3729.559488,3725.076436,8.224045406,24
ZAF,South Africa,Upper middle income,5983121.268,169283.018,3622.625567,1640151.76,0.0282934292,0.2741297872,0.02889890341,13703.46284,13667.3137,9.525403842,24
ZMB,Zambia,Lower middle income,24075024.23,1940201.202,632294.7058,2665772.212,0.08058979229,0.1107277063,0.106853305,3188.213207,3147.106904,8.067215916,24
ZWE,Zimbabwe,Lower middle income,1411914.972,126950.9284,2257.738462,243429.0276,0.08991400396,0.1724105435,0.09151306517,4684.382747,4618.05222,8.451989435,24
