iso3,year,permanent_loss_ha,country,income_group,extent_2000_ha,gdp_pc_mean,permanent_loss_share,annual_permanent_rate
GNB,2001,1909.926018512152,Guinea-Bissau,Low income,1069851.782,2253.111766,0.1301033782,0.0017852248794143265
GNB,2002,4157.699160487164,Guinea-Bissau,Low income,1069851.782,2253.111766,0.1301033782,0.0038862384775531123
GNB,2003,586.2021647825212,Guinea-Bissau,Low income,1069851.782,2253.111766,0.1301033782,0.0005479283903109125
GNB,2004,2469.6374750774794,Guinea-Bissau,Low income,1069851.782,2253.111766,0.1301033782,0.002308392168549456
GNB,2005,2566.605405968704,Guinea-Bissau,Low income,1069851.782,2253.111766,0.1301033782,0.0023990289581708657
GNB,2006,1409.770328067385,Guinea-Bissau,Low income,1069851.782,2253.111766,0.1301033782,0.0013177248959028093
GNB,2007,4562.017410728415,Guinea-Bissau,Low income,1069851.782,2253.111766,0.1301033782,0.0042641583511690735
GNB,2008,2067.286053922638,Guinea-Bissau,Low income,1069851.782,2253.111766,0.1301033782,0.0019323107076178504
GNB,2009,5756.8586548240555,Guinea-Bissau,Low income,1069851.782,2253.111766,0.1301033782,0.005380987115862051
GNB,2010,3546.106204522523,Guinea-Bissau,Low income,1069851.782,2253.111766,0.1301033782,0.003314577088326543
GNB,2011,3061.213949341834,Guinea-Bissau,Low income,1069851.782,2253.111766,0.1301033782,0.002861343973853225
GNB,2012,2439.1928160928737,Guinea-Bissau,Low income,1069851.782,2253.111766,0.1301033782,0.0022799352743358555
GNB,2013,14128.386011169663,Guinea-Bissau,Low income,1069851.782,2253.111766,0.1301033782,0.013205928380805991
GNB,2014,8066.757567579048,Guinea-Bissau,Low income,1069851.782,2253.111766,0.1301033782,0.007540070225895131
GNB,2015,8037.118519793307,Guinea-Bissau,Low income,1069851.782,2253.111766,0.1301033782,0.007512366343652366
GNB,2016,9864.084021505701,Guinea-Bissau,Low income,1069851.782,2253.111766,0.1301033782,0.009220047288294092
GNB,2017,10482.615758818047,Guinea-Bissau,Low income,1069851.782,2253.111766,0.1301033782,0.009798194418316208
GNB,2018,9213.1981521203,Guinea-Bissau,Low income,1069851.782,2253.111766,0.1301033782,0.00861165846253673
GNB,2019,9661.785506960108,Guinea-Bissau,Low income,1069851.782,2253.111766,0.1301033782,0.009030957062947724
GNB,2020,9990.11053670973,Guinea-Bissau,Low income,1069851.782,2253.111766,0.1301033782,0.009337845395774393
GNB,2021,7690.862417674341,Guinea-Bissau,Low income,1069851.782,2253.111766,0.1301033782,0.00718871767759914
GNB,2022,5842.154113231035,Guinea-Bissau,Low income,1069851.782,2253.111766,0.1301033782,0.005460713541374496
GNB,2023,6222.923996043559,Guinea-Bissau,Low income,1069851.782,2253.111766,0.1301033782,0.005816622545985122
GNB,2024,5458.81870837119,Guinea-Bissau,Low income,1069851.782,2253.111766,0.1301033782,0.0051024065204306876
TCD,2001,857.1892550196922,Chad,Low income,409749.6761,2499.646711,0.1967686502,0.0020919827519533998
TCD,2002,1863.315713259903,Chad,Low income,409749.6761,2499.646711,0.1967686502,0.004547448898544482
TCD,2003,183.82072949057584,Chad,Low income,409749.6761,2499.646711,0.1967686502,0.00044861714410657433
TCD,2004,429.91401485750185,Chad,Low income,409749.6761,2499.646711,0.1967686502,0.0010492113598463975
TCD,2005,454.7724456296734,Chad,Low income,409749.6761,2499.646711,0.1967686502,0.0011098787190223075
TCD,2006,2890.335232147909,Chad,Low income,409749.6761,2499.646711,0.1967686502,0.007053904861275641
TCD,2007,984.3287983919541,Chad,Low income,409749.6761,2499.646711,0.1967686502,0.0024022686430427522
TCD,2008,3340.346456762932,Chad,Low income,409749.6761,2499.646711,0.1967686502,0.008152163751674855
TCD,2009,1031.7412560679631,Chad,Low income,409749.6761,2499.646711,0.1967686502,0.0025179794304856637
TCD,2010,246.06371067201408,Chad,Low income,409749.6761,2499.646711,0.1967686502,0.0006005220382699262
TCD,2011,890.9656785439898,Chad,Low income,409749.6761,2499.646711,0.1967686502,0.002174414601188235
TCD,2012,2447.076275844177,Chad,Low income,409749.6761,2499.646711,0.1967686502,0.0059721249791713435
TCD,2013,2863.4015607493748,Chad,Low income,409749.6761,2499.646711,0.1967686502,0.006988172847391239
TCD,2014,2967.9140244527366,Chad,Low income,409749.6761,2499.646711,0.1967686502,0.007243237023885805
TCD,2015,2547.3089137280353,Chad,Low income,409749.6761,2499.646711,0.1967686502,0.006216744178966382
TCD,2016,3145.2400365097487,Chad,Low income,409749.6761,2499.646711,0.1967686502,0.00767600371633277
TCD,2017,6701.505919124536,Chad,Low income,409749.6761,2499.646711,0.1967686502,0.01635512194398666
TCD,2018,6882.103085999457,Chad,Low income,409749.6761,2499.646711,0.1967686502,0.01679587193699177
TCD,2019,5012.899537486963,Chad,Low income,409749.6761,2499.646711,0.1967686502,0.012234053691511785
TCD,2020,3409.2559901854625,Chad,Low income,409749.6761,2499.646711,0.1967686502,0.008320338462826335
TCD,2021,4908.445914080713,Chad,Low income,409749.6761,2499.646711,0.1967686502,0.011979133115611787
TCD,2022,5305.7860191225045,Chad,Low income,409749.6761,2499.646711,0.1967686502,0.012948847378289618
TCD,2023,10155.485674533984,Chad,Low income,409749.6761,2499.646711,0.1967686502,0.0247846094015106
TCD,2024,11106.674451643643,Chad,Low income,409749.6761,2499.646711,0.1967686502,0.027105999344177744
BEN,2001,3681.7819019957233,Benin,Lower middle income,168201.6713,2983.100367,0.2789078723,0.021889092263708818
BEN,2002,3344.813327343902,Benin,Lower middle income,168201.6713,2983.100367,0.2789078723,0.01988573182116712
BEN,2003,3396.8284098545664,Benin,Lower middle income,168201.6713,2983.100367,0.2789078723,0.02019497418545904
BEN,2004,668.3331845697504,Benin,Lower middle income,168201.6713,2983.100367,0.2789078723,0.003973403946609598
BEN,2005,1566.8548025233931,Benin,Lower middle income,168201.6713,2983.100367,0.2789078723,0.00931533432702219
BEN,2006,1745.3634591808686,Benin,Lower middle income,168201.6713,2983.100367,0.2789078723,0.010376611871280906
BEN,2007,4571.39267518953,Benin,Lower middle income,168201.6713,2983.100367,0.2789078723,0.02717804549656416
BEN,2008,446.0858982658496,Benin,Lower middle income,168201.6713,2983.100367,0.2789078723,0.002652089570918845
BEN,2009,4874.816770015187,Benin,Lower middle income,168201.6713,2983.100367,0.2789078723,0.028981975817116555
BEN,2010,513.9674455578971,Benin,Lower middle income,168201.6713,2983.100367,0.2789078723,0.0030556619419149444
BEN,2011,647.487014753421,Benin,Lower middle income,168201.6713,2983.100367,0.2789078723,0.0038494683777462626
BEN,2012,2830.015114148655,Benin,Lower middle income,168201.6713,2983.100367,0.2789078723,0.016825130762827652
BEN,2013,1210.6439796221084,Benin,Lower middle income,168201.6713,2983.100367,0.2789078723,0.007197574020907535
BEN,2014,1303.5110375898403,Benin,Lower middle income,168201.6713,2983.100367,0.2789078723,0.0077496913527388975
BEN,2015,575.6869445346064,Benin,Lower middle income,168201.6713,2983.100367,0.2789078723,0.003422599431297128
BEN,2016,1922.498043870398,Benin,Lower middle income,168201.6713,2983.100367,0.2789078723,0.011429720222229434
BEN,2017,2194.1475511245835,Benin,Lower middle income,168201.6713,2983.100367,0.2789078723,0.013044742862341486
BEN,2018,1801.729208197097,Benin,Lower middle income,168201.6713,2983.100367,0.2789078723,0.010711720010103712
BEN,2019,763.370556630978,Benin,Lower middle income,168201.6713,2983.100367,0.2789078723,0.004538424325579088
BEN,2020,1581.1546833231616,Benin,Lower middle income,168201.6713,2983.100367,0.2789078723,0.009400350609495768
BEN,2021,1678.327060890134,Benin,Lower middle income,168201.6713,2983.100367,0.2789078723,0.0099780641174291
BEN,2022,1661.1691448044714,Benin,Lower middle income,168201.6713,2983.100367,0.2789078723,0.00987605611743093
BEN,2023,2551.7964174103904,Benin,Lower middle income,168201.6713,2983.100367,0.2789078723,0.015171052687455612
BEN,2024,1380.9956257625458,Benin,Lower middle income,168201.6713,2983.100367,0.2789078723,0.008210356146220682
KHM,2001,25404.441843205757,Cambodia,Lower middle income,8828151.884,4458.268064,0.3197967515,0.002877662525182463
KHM,2002,52769.03425051568,Cambodia,Lower middle income,8828151.884,4458.268064,0.3197967515,0.00597735912837583
KHM,2003,53675.05540166447,Cambodia,Lower middle income,8828151.884,4458.268064,0.3197967515,0.006079987760399124
KHM,2004,75523.64828175759,Cambodia,Lower middle income,8828151.884,4458.268064,0.3197967515,0.008554865080950344
KHM,2005,61478.8529920351,Cambodia,Lower middle income,8828151.884,4458.268064,0.3197967515,0.006963955061020006
KHM,2006,74928.6383718615,Cambodia,Lower middle income,8828151.884,4458.268064,0.3197967515,0.008487465933573362
KHM,2007,73604.60985049461,Cambodia,Lower middle income,8828151.884,4458.268064,0.3197967515,0.0083374879383186
KHM,2008,81300.27085468125,Cambodia,Lower middle income,8828151.884,4458.268064,0.3197967515,0.009209206176213229
KHM,2009,114572.16163373679,Cambodia,Lower middle income,8828151.884,4458.268064,0.3197967515,0.01297804604397275
KHM,2010,230813.26474498445,Cambodia,Lower middle income,8828151.884,4458.268064,0.3197967515,0.02614513975040537
KHM,2011,188739.9738588824,Cambodia,Lower middle income,8828151.884,4458.268064,0.3197967515,0.02137933016319664
KHM,2012,190455.2194255209,Cambodia,Lower middle income,8828151.884,4458.268064,0.3197967515,0.021573622874647057
KHM,2013,187354.21102320772,Cambodia,Lower middle income,8828151.884,4458.268064,0.3197967515,0.021222359275757986
KHM,2014,158834.1128506968,Cambodia,Lower middle income,8828151.884,4458.268064,0.3197967515,0.017991773922531304
KHM,2015,129943.10370362668,Cambodia,Lower middle income,8828151.884,4458.268064,0.3197967515,0.014719174002786864
KHM,2016,177134.81053152078,Cambodia,Lower middle income,8828151.884,4458.268064,0.3197967515,0.02006476699302796
KHM,2017,113830.85098469858,Cambodia,Lower middle income,8828151.884,4458.268064,0.3197967515,0.012894074827938086
KHM,2018,111236.85814468372,Cambodia,Lower middle income,8828151.884,4458.268064,0.3197967515,0.012600242905458798
KHM,2019,139223.61012160228,Cambodia,Lower middle income,8828151.884,4458.268064,0.3197967515,0.015770414006348137
KHM,2020,138623.61592939662,Cambodia,Lower middle income,8828151.884,4458.268064,0.3197967515,0.015702450269420017
KHM,2021,139650.64096357257,Cambodia,Lower middle income,8828151.884,4458.268064,0.3197967515,0.015818785494240664
KHM,2022,99933.64038485236,Cambodia,Lower middle income,8828151.884,4458.268064,0.3197967515,0.011319882314889765
KHM,2023,115928.40388827618,Cambodia,Lower middle income,8828151.884,4458.268064,0.3197967515,0.013131673017359721
KHM,2024,88255.26439774163,Cambodia,Lower middle income,8828151.884,4458.268064,0.3197967515,0.009997026054535157
PRY,2001,143724.8685118271,Paraguay,Upper middle income,24273208.13,13115.94141,0.2780123758,0.005921131963359765
PRY,2002,187948.74669223576,Paraguay,Upper middle income,24273208.13,13115.94141,0.2780123758,0.007743053398036173
PRY,2003,258407.8254160878,Paraguay,Upper middle income,24273208.13,13115.94141,0.2780123758,0.010645804379550212
PRY,2004,239900.88346152336,Paraguay,Upper middle income,24273208.13,13115.94141,0.2780123758,0.009883361201234151
PRY,2005,254521.60113177658,Paraguay,Upper middle income,24273208.13,13115.94141,0.2780123758,0.010485700932840665
PRY,2006,144158.2868882446,Paraguay,Upper middle income,24273208.13,13115.94141,0.2780123758,0.005938987797417473
PRY,2007,413939.7713743324,Paraguay,Upper middle income,24273208.13,13115.94141,0.2780123758,0.017053360608840645
PRY,2008,367032.7872067318,Paraguay,Upper middle income,24273208.13,13115.94141,0.2780123758,0.015120901416945573
PRY,2009,343459.2723415204,Paraguay,Upper middle income,24273208.13,13115.94141,0.2780123758,0.014149727160170007
PRY,2010,430758.79444165574,Paraguay,Upper middle income,24273208.13,13115.94141,0.2780123758,0.017746265435316225
PRY,2011,448284.33708480984,Paraguay,Upper middle income,24273208.13,13115.94141,0.2780123758,0.018468277233233195
PRY,2012,493321.55325086863,Paraguay,Upper middle income,24273208.13,13115.94141,0.2780123758,0.02032370631062803
PRY,2013,300962.05932872195,Paraguay,Upper middle income,24273208.13,13115.94141,0.2780123758,0.012398940334415612
PRY,2014,336019.5759056992,Paraguay,Upper middle income,24273208.13,13115.94141,0.2780123758,0.013843228884541321
PRY,2015,275003.6226409523,Paraguay,Upper middle income,24273208.13,13115.94141,0.2780123758,0.011329512817923187
PRY,2016,308222.3749640799,Paraguay,Upper middle income,24273208.13,13115.94141,0.2780123758,0.012698048536202284
PRY,2017,329854.5060023144,Paraguay,Upper middle income,24273208.13,13115.94141,0.2780123758,0.013589242272208639
PRY,2018,253936.0142529375,Paraguay,Upper middle income,24273208.13,13115.94141,0.2780123758,0.010461576108643431
PRY,2019,202565.4079621041,Paraguay,Upper middle income,24273208.13,13115.94141,0.2780123758,0.008345226015334467
PRY,2020,201874.20455719312,Paraguay,Upper middle income,24273208.13,13115.94141,0.2780123758,0.008316750034689095
PRY,2021,235168.57479975448,Paraguay,Upper middle income,24273208.13,13115.94141,0.2780123758,0.009688401036247964
PRY,2022,198971.16117411916,Paraguay,Upper middle income,24273208.13,13115.94141,0.2780123758,0.008197151365756413
PRY,2023,172481.0496394273,Paraguay,Upper middle income,24273208.13,13115.94141,0.2780123758,0.007105820076014292
PRY,2024,207734.9796610819,Paraguay,Upper middle income,24273208.13,13115.94141,0.2780123758,0.008558200405505355
CRI,2001,14996.482094679839,Costa Rica,High income,3913125.531,20087.40876,0.06737440191,0.0038323539523270763
CRI,2002,12912.245383239144,Costa Rica,High income,3913125.531,20087.40876,0.06737440191,0.003299726850301022
CRI,2003,7914.718116035492,Costa Rica,High income,3913125.531,20087.40876,0.06737440191,0.0020226077730792565
CRI,2004,9295.847715947384,Costa Rica,High income,3913125.531,20087.40876,0.06737440191,0.0023755557143018175
CRI,2005,15997.721252573512,Costa Rica,High income,3913125.531,20087.40876,0.06737440191,0.004088220816285772
CRI,2006,9688.685788832145,Costa Rica,High income,3913125.531,20087.40876,0.06737440191,0.002475945561183211
CRI,2007,10903.376489752829,Costa Rica,High income,3913125.531,20087.40876,0.06737440191,0.00278636000899426
CRI,2008,20877.30528910173,Costa Rica,High income,3913125.531,20087.40876,0.06737440191,0.005335199477683643
CRI,2009,21252.689723271375,Costa Rica,High income,3913125.531,20087.40876,0.06737440191,0.005431129043754506
CRI,2010,12391.390109842518,Costa Rica,High income,3913125.531,20087.40876,0.06737440191,0.00316662218262032
CRI,2011,9711.890740064206,Costa Rica,High income,3913125.531,20087.40876,0.06737440191,0.002481875591039966
CRI,2012,9875.591040127822,Costa Rica,High income,3913125.531,20087.40876,0.06737440191,0.002523709234956261
CRI,2013,7196.921470208969,Costa Rica,High income,3913125.531,20087.40876,0.06737440191,0.001839174698893392
CRI,2014,10079.020218038524,Costa Rica,High income,3913125.531,20087.40876,0.06737440191,0.0025756956014295887
CRI,2015,3141.180216196504,Costa Rica,High income,3913125.531,20087.40876,0.06737440191,0.0008027292227943872
CRI,2016,12642.405669534948,Costa Rica,High income,3913125.531,20087.40876,0.06737440191,0.003230769258328439
CRI,2017,15642.36235743883,Costa Rica,High income,3913125.531,20087.40876,0.06737440191,0.003997408780658621
CRI,2018,11250.515972490186,Costa Rica,High income,3913125.531,20087.40876,0.06737440191,0.0028750715721647486
CRI,2019,10285.851195883017,Costa Rica,High income,3913125.531,20087.40876,0.06737440191,0.0026285512985458623
CRI,2020,7434.74920925089,Costa Rica,High income,3913125.531,20087.40876,0.06737440191,0.0018999516244373941
CRI,2021,7057.624371973895,Costa Rica,High income,3913125.531,20087.40876,0.06737440191,0.0018035772980097365
CRI,2022,7772.285275726089,Costa Rica,High income,3913125.531,20087.40876,0.06737440191,0.0019862090326910314
CRI,2023,8062.537637275883,Costa Rica,High income,3913125.531,20087.40876,0.06737440191,0.002060383080840113
CRI,2024,7261.094894066001,Costa Rica,High income,3913125.531,20087.40876,0.06737440191,0.0018555742299967634
PAN,2001,15739.618267996702,Panama,High income,5734588.5,25540.80377,0.07342572973,0.0027446813782709433
PAN,2002,16818.08429453181,Panama,High income,5734588.5,25540.80377,0.07342572973,0.002932744746119414
PAN,2003,9566.65544739973,Panama,High income,5734588.5,25540.80377,0.07342572973,0.0016682374763942922
PAN,2004,13884.275261802764,Panama,High income,5734588.5,25540.80377,0.07342572973,0.002421145869804392
PAN,2005,10653.712229348917,Panama,High income,5734588.5,25540.80377,0.07342572973,0.0018577989038531565
PAN,2006,31379.31652801781,Panama,High income,5734588.5,25540.80377,0.07342572973,0.005471938662733658
PAN,2007,17971.968162531306,Panama,High income,5734588.5,25540.80377,0.07342572973,0.003133959509480289
PAN,2008,36135.978989942196,Panama,High income,5734588.5,25540.80377,0.07342572973,0.006301407501155871
PAN,2009,33447.714168990846,Panama,High income,5734588.5,25540.80377,0.07342572973,0.00583262672971057
PAN,2010,13024.519793439687,Panama,High income,5734588.5,25540.80377,0.07342572973,0.002271221342811204
PAN,2011,19398.206683185595,Panama,High income,5734588.5,25540.80377,0.07342572973,0.0033826675938797694
PAN,2012,13761.801673415503,Panama,High income,5734588.5,25540.80377,0.07342572973,0.002399788872979378
PAN,2013,10542.665419281135,Panama,High income,5734588.5,25540.80377,0.07342572973,0.0018384345135280648
PAN,2014,11269.346572292387,Panama,High income,5734588.5,25540.80377,0.07342572973,0.001965153484385564
PAN,2015,8631.363948481678,Panama,High income,5734588.5,25540.80377,0.07342572973,0.0015051409440244366
PAN,2016,11576.259410301749,Panama,High income,5734588.5,25540.80377,0.07342572973,0.0020186730765950774
PAN,2017,23191.596994011594,Panama,High income,5734588.5,25540.80377,0.07342572973,0.004044160621814729
PAN,2018,19273.79399842326,Panama,High income,5734588.5,25540.80377,0.07342572973,0.003360972456597934
PAN,2019,24934.56048019168,Panama,High income,5734588.5,25540.80377,0.07342572973,0.004348099341424704
PAN,2020,17873.138128976847,Panama,High income,5734588.5,25540.80377,0.07342572973,0.0031167254858786896
PAN,2021,17480.966701480167,Panama,High income,5734588.5,25540.80377,0.07342572973,0.0030483384642996034
PAN,2022,11747.704773173831,Panama,High income,5734588.5,25540.80377,0.07342572973,0.0020485697924400035
PAN,2023,17996.63934806721,Panama,High income,5734588.5,25540.80377,0.07342572973,0.0031382616813860676
PAN,2024,14766.458052263599,Panama,High income,5734588.5,25540.80377,0.07342572973,0.0025749812828354812
MYS,2001,272495.48072175414,Malaysia,Upper middle income,29444768.37,25685.95958,0.2495391587,0.009254461685607552
MYS,2002,267527.70632238704,Malaysia,Upper middle income,29444768.37,25685.95958,0.2495391587,0.009085746675289164
MYS,2003,142071.58782205023,Malaysia,Upper middle income,29444768.37,25685.95958,0.2495391587,0.004825019712731068
MYS,2004,276627.00137553574,Malaysia,Upper middle income,29444768.37,25685.95958,0.2495391587,0.009394775937764856
MYS,2005,310310.5922841759,Malaysia,Upper middle income,29444768.37,25685.95958,0.2495391587,0.01053873436478916
MYS,2006,269220.47527114075,Malaysia,Upper middle income,29444768.37,25685.95958,0.2495391587,0.00914323630901569
MYS,2007,316505.3010941743,Malaysia,Upper middle income,29444768.37,25685.95958,0.2495391587,0.010749118387246268
MYS,2008,286403.7161768615,Malaysia,Upper middle income,29444768.37,25685.95958,0.2495391587,0.009726811655569545
MYS,2009,514037.47637157404,Malaysia,Upper middle income,29444768.37,25685.95958,0.2495391587,0.017457684499746468
MYS,2010,363649.1676055432,Malaysia,Upper middle income,29444768.37,25685.95958,0.2495391587,0.012350213220765207
MYS,2011,399013.30631094717,Malaysia,Upper middle income,29444768.37,25685.95958,0.2495391587,0.01355124622809003
MYS,2012,505423.06661315414,Malaysia,Upper middle income,29444768.37,25685.95958,0.2495391587,0.01716512285856892
MYS,2013,274752.6117336871,Malaysia,Upper middle income,29444768.37,25685.95958,0.2495391587,0.009331118121941847
MYS,2014,487417.93832504074,Malaysia,Upper middle income,29444768.37,25685.95958,0.2495391587,0.01655363466270802
MYS,2015,326202.4346438485,Malaysia,Upper middle income,29444768.37,25685.95958,0.2495391587,0.011078451375294297
MYS,2016,396817.7294853309,Malaysia,Upper middle income,29444768.37,25685.95958,0.2495391587,0.013476680288292957
MYS,2017,337905.1054475822,Malaysia,Upper middle income,29444768.37,25685.95958,0.2495391587,0.01147589620001423
MYS,2018,302404.35291881015,Malaysia,Upper middle income,29444768.37,25685.95958,0.2495391587,0.010270223528975587
MYS,2019,281707.61417896865,Malaysia,Upper middle income,29444768.37,25685.95958,0.2495391587,0.009567323153609466
MYS,2020,204378.80727043725,Malaysia,Upper middle income,29444768.37,25685.95958,0.2495391587,0.006941090678732251
MYS,2021,216959.44908798658,Malaysia,Upper middle income,29444768.37,25685.95958,0.2495391587,0.007368353058910022
MYS,2022,182621.72818096846,Malaysia,Upper middle income,29444768.37,25685.95958,0.2495391587,0.006202179140489821
MYS,2023,218352.62267287055,Malaysia,Upper middle income,29444768.37,25685.95958,0.2495391587,0.007415667867686152
MYS,2024,194817.45625376113,Malaysia,Upper middle income,29444768.37,25685.95958,0.2495391587,0.006616369122205499
