threshold,n,n_above,n_below,pct_above,status,slope,lo,hi,p,converged,joint_p,b2
0.005,135,91,44,67.4,ok,-0.8145034215663739,-1.2157265478910264,-0.41328029524172144,6.92561366153112e-05,True,0.9550514131135243,0.18448889865132514
0.006457748325074419,135,84,51,62.2,ok,-0.7389492729406899,-1.111733701214575,-0.3661648446668048,0.00010227740992464277,True,0.8737442842174454,0.047517346101573876
0.008340502686000294,135,75,60,55.6,ok,-0.892968353126012,-1.2778732510506607,-0.5080634552013632,5.440039518413894e-06,True,0.9217364975775226,0.07368304562770955
0.010772173450159416,135,72,63,53.3,ok,-1.030508016943896,-1.4374383842097287,-0.6235776496780635,6.926935094652925e-07,True,0.8525418511053295,-0.016280033690345207
0.01391279701103562,135,67,68,49.6,ok,-1.0162828514964244,-1.4165515397957278,-0.616014163197121,6.479385867956743e-07,True,0.6731116164907158,-0.13417536819029344
0.017969068319023136,135,62,73,45.9,ok,-1.0674330110876655,-1.4754680921894123,-0.6593979299859187,2.938811125665128e-07,True,0.31863610905926487,-0.31976563854834916
0.023207944168063883,135,58,77,43.0,ok,-1.0312203823128188,-1.4322653366735145,-0.630175427952123,4.662101949323266e-07,True,0.4162694881952159,-0.2671260754740525
0.02997421251594704,135,54,81,40.0,ok,-1.0074129967365184,-1.4053869033764725,-0.6094390900965643,7.000007478471872e-07,True,0.5212828076609832,-0.2162518852205119
0.03871318413405634,135,50,85,37.0,ok,-0.9938842453465582,-1.3922376393623839,-0.5955308513307325,1.0079839737446624e-06,True,0.21265319478789801,-0.3842795791306844
0.05,135,47,88,34.8,ok,-0.9339421586991065,-1.3250664190207977,-0.5428178983774152,2.8676240284801544e-06,True,0.29953585695423657,-0.31676602467247145
