"iso","natural_forest_class","is_primary_forest","tree_cover_extent_2000_ha","area_ha"
"ABW","Natural Forest",False,2.85618700418674034,52.8362779734885200
"ABW","Natural Forest",True,6.0131686490527333,14.28112645811795359
"ABW","Non-Natural Forest",False,0.30063767956163194,6.53924094838867407
"ABW","Non-Natural Forest",True,0.6764432676888020,0.7516012015695529
"ABW","Unknown",False,14.27926778630425365,18119.5706413213938815
"ABW","Unknown",True,0.82670643920518668,3.53237000901041711
"AFG","Natural Forest",False,181941.03839071740849341,358781.9080512989360932
"AFG","Non-Natural Forest",False,194.81433347176542328,4407.625462287653067404
"AFG","Unknown",False,23635.28096900456640308,64020465.3924388182253636
"AGO","Natural Forest",False,36425939.91148398510421019,43720026.01974625384217870
"AGO","Natural Forest",True,2410192.24002634415850059,2410968.31675191981929649
"AGO","Non-Natural Forest",False,74955.11101030254268216,162499.99395001039367187
"AGO","Non-Natural Forest",True,985.08668323562192510,987.82498595636617760
"AGO","Unknown",False,16318533.48751999570272822,78350833.06320522861433078
"AGO","Unknown",True,45528.88682629480377687,46105.66301889174562976
"AIA","Natural Forest",False,304.60617918500549418,335.70273921494896418
"AIA","Non-Natural Forest",False,42.36652640648329478,52.68377571275607853
"AIA","Unknown",False,1763.94261824901899077,7599.59124063888071177
"ALA","Natural Forest",False,30133.2401238468162403,31476.5587137636129767
"ALA","Non-Natural Forest",False,43737.407968528997568965,44907.229063279236491985
"ALA","Unknown",False,33868.58584738610199780,74230.11852688336630805
"ALB","Natural Forest",False,483227.516953367659290488,711931.612200480072124509
"ALB","Non-Natural Forest",False,51695.585109829975270835,70036.72772710537149123
"ALB","Unknown",False,113536.291159915933953290,2090792.189953754760242776
"AND","Natural Forest",False,16021.25454243045195886,18761.53193171091073886
"AND","Non-Natural Forest",False,725.17244019134301364,772.59617304938806638
"AND","Unknown",False,2242.076287192804755424,25577.347140019132129624
"ARE","Natural Forest",False,0.0,2395.7512080336779472
"ARE","Non-Natural Forest",False,0.0,14.19534516372829907
"ARE","Unknown",False,0.0,7107234.15225651652295
"ARG","Natural Forest",False,26078247.320826108593595005,40085185.777164720608600855
"ARG","Natural Forest",True,4139820.82904733422419272,4142953.05956251366073972
"ARG","Non-Natural Forest",False,607408.261173546674459296,1365958.56273756868207392
"ARG","Non-Natural Forest",True,22519.75517704821459927,22550.24321878574749707
"ARG","Unknown",False,7970822.293240529048226245,232035964.51333357150200652
"ARG","Unknown",True,251150.97908116179437375,253221.53768758284858718
"ARM","Natural Forest",False,302298.55306309203937412,346906.53360299492087412
"ARM","Non-Natural Forest",False,1443.81065232335030003,2200.811204703044315130
"ARM","Unknown",False,33102.587287988791035870,2619909.85204167470987415
"ATF","Natural Forest",False,0.0,764.42008086670656
"ATF","Unknown",False,71.6361031164166382,3597.349231868157338
"ATG","Natural Forest",False,11555.97407829664230084,12901.93141798486273924
"ATG","Natural Forest",True,45.5664144204763806,68.4597686607009847
"ATG","Non-Natural Forest",False,92.97899702713433690,131.99156971288846246
"ATG","Non-Natural Forest",True,0.73374062613823786,0.80711380077039933
"ATG","Unknown",False,7615.61729627588279388,30451.18955942171693288
"ATG","Unknown",True,12.54743797572808123,21.35262472598306439
"AUS","Natural Forest",False,33869317.00324209842195624,83898522.43415100668579494
"AUS","Natural Forest",True,13764.81317061368661142,13813.86354008834119919
"AUS","Non-Natural Forest",False,792793.473344788959064466,2061493.413001729152433059
"AUS","Non-Natural Forest",True,25.3453862514371731,25.6404740762386054
"AUS","Unknown",False,7605434.42783430333633172,682803185.55729423462862201
"AUS","Unknown",True,105.07472888791011906,137.63836978028913880
"AUT","Natural Forest",False,2099044.47644521135499958,2245017.64343484030983008
"AUT","Non-Natural Forest",False,1020768.18399681101129755,1030663.92921103416118043
"AUT","Unknown",False,1220470.952050168939518064,5118981.40093252545865957
"AZE","Natural Forest",False,922064.47223123267569610,967105.40801784635140176
"AZE","Non-Natural Forest",False,11377.589703380466215604,12662.616623179374093784
"AZE","Unknown",False,335164.761973277648235645,7643757.893492089866222965
"BDI","Natural Forest",False,141972.00829782901747949,274018.49483343577945684
"BDI","Natural Forest",True,24601.72024720065034812,24643.27554220843320312
"BDI","Non-Natural Forest",False,43386.03280095579993429,84893.29733364657576980
"BDI","Non-Natural Forest",True,32.03103292116360642,32.26134828155273982
"BDI","Unknown",False,327464.81537257465783619,2309720.22857054237568513
"BDI","Unknown",True,214.43737229213351840,219.89052433792985544
"BEL","Natural Forest",False,215863.308905416793892375,228052.6183311069688555
"BEL","Non-Natural Forest",False,261433.02913066586574933,278686.18543078483777606
"BEL","Unknown",False,388128.423863757768143479,2564005.154872033460250024
"BEN","Natural Forest",False,89416.07024002375831056,3275994.54474062707865866
"BEN","Natural Forest",True,1613.63382118067832717,1661.70633257650333967
"BEN","Non-Natural Forest",False,9193.26964732897618584,120062.17095675613067428
"BEN","Non-Natural Forest",True,154.22198708444013637,159.57171755512393126
"BEN","Unknown",False,67727.83618071953243505,8130622.44120607453679299
"BEN","Unknown",True,96.63940464398709860,131.12047771325358900
"BES","Natural Forest",False,712.60204074827063057,1353.31295799456888327
"BES","Natural Forest",True,691.3596352314098878,700.5884397405149155
"BES","Non-Natural Forest",False,15.59812792770128218,52.34637290824328313
"BES","Non-Natural Forest",True,1.79708085276095914,1.79708085276095914
"BES","Unknown",False,962.0484959551638485,30199.73208288693649744
"BES","Unknown",True,48.68163874428873603,58.20895362138726183
"BFA","Natural Forest",False,9.29535681066243460,2175134.9940147452949346
"BFA","Non-Natural Forest",False,0.45314229759765628,46432.20179534142287393
"BFA","Unknown",False,120.54662371018879135,25073097.4946255464342170
"BGD","Natural Forest",False,1386479.1612054734509972,1838294.41179735356935507
"BGD","Natural Forest",True,94236.84672733619331840,98521.35796642689678012
"BGD","Non-Natural Forest",False,5727.44364418313598637,25269.16757321491176809
"BGD","Non-Natural Forest",True,39.76909431347548619,43.05059582935981694
"BGD","Unknown",False,450130.48229383306331734,11973709.33486521108818051
"BGD","Unknown",True,2343.60718589102404194,2549.94228349699352946
"BGR","Natural Forest",False,3067555.190044147754297454,3397812.026104791055555494
"BGR","Non-Natural Forest",False,609664.166401354675197576,642586.031909889080768310
"BGR","Unknown",False,461730.506723803784999945,7118333.275738898255747975
"BHR","Natural Forest",False,0.0,19.24661227527346103
"BHR","Non-Natural Forest",False,0.0,0.7614089366775174
"BHR","Unknown",False,0.0,71452.43797447167202
"BHS","Natural Forest",False,69883.94053463922494165,268395.7719594274674627
"BHS","Natural Forest",True,6033.82047161570362026,6153.67533497102348826
"BHS","Non-Natural Forest",False,2668.71045479548374905,3551.65291501128554056
"BHS","Non-Natural Forest",True,132.36498516347653202,134.78104009254444940
"BHS","Unknown",False,219757.37874924475573739,1054897.6919770638241417
"BHS","Unknown",True,5099.07245026026307933,5631.77789660657277363
"BIH","Natural Forest",False,2051125.4524220911675451,2182813.0216532934713243
"BIH","Non-Natural Forest",False,317614.494908644346055680,324679.058228077751903455
"BIH","Unknown",False,289239.83600308947433535,2599391.43616780732692104
"BLM","Natural Forest",False,158.770166215427536,174.89644723161354
"BLM","Non-Natural Forest",False,8.5760299290961374,10.2618833756868489
"BLM","Unknown",False,453.5782986779394802,1908.9064600342476709
"BLR","Natural Forest",False,4570090.76214122516847878,4889542.61776964299846451
"BLR","Non-Natural Forest",False,3259089.82757850285400650,3451551.918125009528005806
"BLR","Unknown",False,1289402.59827113301674183,12365808.6364662272875944
"BLZ","Natural Forest",False,293446.22654145677287589,334844.02468298794937945
"BLZ","Natural Forest",True,1058249.09051977758985641,1059137.79343306173560091
"BLZ","Non-Natural Forest",False,2575.41500617350253466,2790.59485113557258347
"BLZ","Non-Natural Forest",True,710.89258044344238312,715.07598902768826825
"BLZ","Unknown",False,290240.66708819463353431,699768.11631620617568631
"BLZ","Unknown",True,106527.99109824302347197,107085.33368665451110250
"BMU","Natural Forest",False,18.66889973547742184,40.14525563467337544
"BMU","Unknown",False,586.12523191128306492,6768.2344706693293053
"BOL","Natural Forest",False,16291395.18768315966001795,18060655.23597939476963653
"BOL","Natural Forest",True,38505216.45573444964721671,38515254.22259431944864040
"BOL","Non-Natural Forest",False,0.6562693912684462,14.5443884810324464
"BOL","Unknown",False,7430762.87388376262144769,49526534.53269230585608813
"BOL","Unknown",True,2328909.95471752570158853,2335467.06503336659335054
"BRA","Natural Forest",False,94138750.30974731225137716,107179165.32709198626602573
"BRA","Natural Forest",True,322758599.39693894225503418,322853971.31434477727726616
"BRA","Non-Natural Forest",False,5054142.10355314487344114,10873391.75610618834401220
"BRA","Non-Natural Forest",True,126089.33047721250167510,126542.10294151781364531
"BRA","Unknown",False,76755347.39301741184083393,389593662.30169728647119759
"BRA","Unknown",True,20223727.18729679790103543,20280465.67590042365287180
"BRB","Natural Forest",False,3330.07373447578624332,4266.64186054347673052
"BRB","Non-Natural Forest",False,519.70578813042013650,666.99147266487874097
"BRB","Unknown",False,1380.03155139061459571,38531.9876554911017428
"BRN","Natural Forest",False,60670.21630954936663205,64261.65135080436117955
"BRN","Natural Forest",True,423025.65198247595268870,423082.62860918076258470
"BRN","Non-Natural Forest",False,192.28502482176762689,227.47550421738227460
"BRN","Non-Natural Forest",True,75.28868862079645437,75.44201609011448837
"BRN","Unknown",False,37017.25815047873912771,81717.63902269136100736
"BRN","Unknown",True,8351.75543596965159601,8374.83774225651990091
"BTN","Natural Forest",False,918111.32926795851075326,1279829.36239469439530930
"BTN","Natural Forest",True,1595945.85290708379666706,1635414.54171422402674856
"BTN","Non-Natural Forest",False,842.28962285457000328,1629.09810375339840797
"BTN","Non-Natural Forest",True,234.70234817934026460,245.75752803964516369
"BTN","Unknown",False,52834.94014657002568184,949294.29046028239259480
"BTN","Unknown",True,9268.70636973004997897,9884.83693345451385815
"BWA","Natural Forest",False,9424.66039943303722010,145862.58930025870897614
"BWA","Non-Natural Forest",False,65.97041438167209712,5794.54945345714615073
"BWA","Unknown",False,10837.85053393817932077,57636746.02279157008231097
"CAF","Natural Forest",False,35984582.23598882766637511,46484452.43456217925505361
"CAF","Natural Forest",True,7256355.26914376908703782,7257184.26760794786297772
"CAF","Non-Natural Forest",False,82998.96811825013450238,94127.48142734141798048
"CAF","Non-Natural Forest",True,1964.45828107493606917,1964.84126298291991247
"CAF","Unknown",False,3642795.61319871501916413,8076984.31836979118088231
"CAF","Unknown",True,104809.63907956035277819,105252.89996967140638652
"CAN","Natural Forest",False,265798336.58773861052657363,278270178.68192307812707341
"CAN","Non-Natural Forest",False,4116145.194614802956806086,4752421.762625005442880206
"CAN","Unknown",False,147967646.82144673345898774,700201796.95006441738809351
"CHE","Natural Forest",False,914966.17066678163830389,1002707.74799250868049435
"CHE","Non-Natural Forest",False,182551.025429787065291535,184446.194449287638435985
"CHE","Unknown",False,446482.018836884451423605,2936371.895047135964779665
"CHL","Natural Forest",False,14273944.976296458616834244,16695149.239305426866515672
"CHL","Non-Natural Forest",False,2150798.276619691618943445,2934728.558237555368360735
"CHL","Unknown",False,2789580.837493162800805728,55601874.19880325520736409
"CHL","Unknown",True,0.0,0.73168401962348088
"CHN","Natural Forest",False,105171756.80111540726125939,143963410.50627618744111581
"CHN","Natural Forest",True,1477611.20848280738164057,1498586.29430025591758577
"CHN","Non-Natural Forest",False,43398537.144234746166558336,55577211.92539150637112485
"CHN","Non-Natural Forest",True,237762.91324243015496896,238891.95844163839954366
"CHN","Unknown",False,12566786.55889832940183272,733729325.044401998977668091
"CHN","Unknown",True,21139.44866722626040280,22623.81117565536945204
"CIV","Natural Forest",False,5713233.29431889661682664,13401068.43956520991955361
"CIV","Natural Forest",True,859002.50800991109652412,859190.06452950857619622
"CIV","Non-Natural Forest",False,3032279.80420486502739923,3387719.55070604722707552
"CIV","Non-Natural Forest",True,367573.43677773275820453,367602.69746406898002427
"CIV","Unknown",False,4757061.77291277962747201,14000778.51319745347217971
"CIV","Unknown",True,137796.56763901983795146,137959.13041504546212574
"CMR","Natural Forest",False,10227477.30102947648337924,15585846.09924578102425641
"CMR","Natural Forest",True,18557965.65428147663048470,18562602.79539630624329428
"CMR","Non-Natural Forest",False,195529.12907342537126726,229454.63864895224248072
"CMR","Non-Natural Forest",True,256730.07367638829609330,257048.30951248111072779
"CMR","Unknown",False,1960689.03481605161932158,11706626.09141133512795327
"CMR","Unknown",True,260929.54103427706989458,262451.80713203461246329
"COD","Natural Forest",False,55436610.47394658588627750,56423126.23257378278322427
"COD","Natural Forest",True,102665251.08227241050051385,102669770.73834101780665125
"COD","Non-Natural Forest",False,546980.14034568822471131,561656.46388072866606187
"COD","Non-Natural Forest",True,189235.97049401994196953,189247.49148000019159653
"COD","Unknown",False,38708232.44445580930295690,71306614.63960961134351663
"COD","Unknown",True,1725810.98794955504661762,1736491.57426676482394977
"COG","Natural Forest",False,2634391.24043457640561643,2707961.97316092532816787
"COG","Natural Forest",True,20928415.63355995735872894,20931442.15428934575546514
"COG","Non-Natural Forest",False,12267.13046761119005305,12969.42229927615804379
"COG","Non-Natural Forest",True,4629.78237046557472702,4631.01264384463979772
"COG","Unknown",False,2588546.59878936313568020,10294381.36407971233789426
"COG","Unknown",True,220170.99507396904877583,221884.72536673262687191
"COL","Natural Forest",False,12487309.97487945947787339,14169777.84382868229652481
"COL","Natural Forest",True,52721872.58012418990543018,52783088.33725075347992192
"COL","Non-Natural Forest",False,414747.64811248086345234,717156.57818449127006820
"COL","Non-Natural Forest",True,28795.69113461168806962,28844.98424808412070372
"COL","Unknown",False,14125791.49980902298420623,43937588.57338198529686648
"COL","Unknown",True,2075839.97250936015025666,2087597.39956682167845778
"COM","Natural Forest",False,108571.19921633732697245,117719.92428849922557031
"COM","Non-Natural Forest",False,7759.37102038217100816,8006.50170678418678261
"COM","Unknown",False,18453.59576205396959040,41578.4023058961994014
"CPV","Unknown",False,14711.90781233169345950,818195.8132041758496087
"CRI","Natural Forest",False,1139674.21141315473891832,1203017.18526873785275734
"CRI","Natural Forest",True,1435208.52865288397465088,1437228.09654346953338571
"CRI","Non-Natural Forest",False,40784.03634024713786343,42851.94103571775725001
"CRI","Non-Natural Forest",True,4579.94794214483296392,4614.44077147751418104
"CRI","Unknown",False,1247203.69985243853193020,2382857.96794142607416183
"CRI","Unknown",True,45675.10671845259894726,47207.92367270601517569
"CUB","Natural Forest",False,2577200.8636869571342217,3096290.3800480972674976
"CUB","Natural Forest",True,381766.72023163653858110,416077.58801830795155481
"CUB","Non-Natural Forest",False,29619.04259012873044875,49068.17823346450050967
"CUB","Non-Natural Forest",True,4460.75640489359942886,4561.00497823518350709
"CUB","Unknown",False,1006967.60184907364670267,7487201.67163020652131951
"CUB","Unknown",True,14590.86962162494403972,19924.29859304683702860
"CUW","Natural Forest",False,3180.97556108039851146,4873.6115122414650561
"CUW","Natural Forest",True,0.30077198523437502,0.30077198523437502
"CUW","Non-Natural Forest",False,14.37067310957356638,39.27528495593912951
"CUW","Unknown",False,2065.02076164544609598,38863.7998234273340322
"CYM","Natural Forest",False,2037.44691416782286177,2971.77106620046589178
"CYM","Natural Forest",True,4917.59770948992249966,5259.78958045297765026
"CYM","Non-Natural Forest",False,82.09140184104057834,117.47545112950304926
"CYM","Non-Natural Forest",True,28.83315954603515982,32.24885242349284539
"CYM","Unknown",False,5139.65697266040870877,18100.61317134614521692
"CYM","Unknown",True,1252.76454367246268977,1557.93058596443622730
"CYP","Natural Forest",False,66943.47023917207543147,116158.43783405776518947
"CYP","Non-Natural Forest",False,13825.59228745491068102,16441.64687093042722131
"CYP","Unknown",False,8888.93417538981797714,439373.32008052842038349
"CZE","Natural Forest",False,1031014.19689328921804462,1052687.16995391190981927
"CZE","Non-Natural Forest",False,1144643.166353045425173385,1170346.028175459391695815
"CZE","Unknown",False,905311.223913935832805796,5660704.030452330926514106
"DEU","Natural Forest",False,3236255.54910112148663928,3342311.44800934658829168
"DEU","Non-Natural Forest",False,5324737.753198910554223390,5427035.687263460672598396
"DEU","Unknown",False,3965025.114469870033933834,27012968.608577174363404805
"DJI","Natural Forest",False,0.0,588.28334315128725840
"DJI","Non-Natural Forest",False,0.0,0.07535246112521701
"DJI","Unknown",False,0.07522455290690104,2236613.525328181715291
"DMA","Natural Forest",False,25910.37043670620407052,26450.60803216403244088
"DMA","Natural Forest",True,34352.95227801931433324,34396.09397128557209004
"DMA","Non-Natural Forest",False,153.72061757692709446,160.32625420657281856
"DMA","Non-Natural Forest",True,5.79209692775173581,6.01480971122558611
"DMA","Unknown",False,8897.83811598591221051,12772.12176134232965158
"DMA","Unknown",True,1604.15255247037322690,1643.20996000915864317
"DNK","Natural Forest",False,74700.04003722308865326,84294.03179135567898632
"DNK","Non-Natural Forest",False,256256.445190768704878535,282816.46983725445573044
"DNK","Unknown",False,332248.060658229868448585,3947365.27482824802077997
"DOM","Natural Forest",False,1631370.76071419379079699,1828281.03726309351794283
"DOM","Natural Forest",True,307800.16814901655421880,309052.56561754042978460
"DOM","Non-Natural Forest",False,9718.35261270057917522,11136.74609459799928810
"DOM","Non-Natural Forest",True,199.32251687924697833,203.98115333928605628
"DOM","Unknown",False,618467.65326385373449499,2651456.43802087174330468
"DOM","Unknown",True,8882.20983453013805167,9075.81994494827979883
"DZA","Natural Forest",False,953251.220619256803379074,1539923.561057051982993454
"DZA","Non-Natural Forest",False,31779.816739462570269989,55746.387745497971290185
"DZA","Unknown",False,238293.11457944370992066,229206396.347695778656735325
"ECU","Natural Forest",False,3715091.98303451377543182,3987975.24304043310406142
"ECU","Natural Forest",True,10244509.56857353665370406,10264070.05009996219784786
"ECU","Non-Natural Forest",False,32171.92186914851117822,43771.80195123753922133
"ECU","Non-Natural Forest",True,1119.3823570541207408,1137.2230125047145663
"ECU","Unknown",False,4664148.23769879666921776,10939797.14519838325441565
"ECU","Unknown",True,391726.62417590300506762,397247.75326312958781775
"EGY","Natural Forest",False,20.01935705899305534,587.78488612288848208
"EGY","Non-Natural Forest",False,7.30995006402452326,1005.35886809081308456
"EGY","Unknown",False,154276.79335003544751435,98375031.71609513917970280
"ERI","Natural Forest",False,2.07808886648546036,67008.8043939121029802
"ERI","Non-Natural Forest",False,0.0,489.55964106974340643
"ERI","Unknown",False,2.52952433260253928,11978236.9917125166926164
"ESH","Non-Natural Forest",False,0.0,0.6351943707899306
"ESH","Unknown",False,0.0,26732282.9987460138569106
"ESP","Natural Forest",False,6165658.913635407431059764,7940132.90025319403764873
"ESP","Non-Natural Forest",False,1611337.167271833040161524,1947750.408043733329752001
"ESP","Unknown",False,3241939.374734419619677364,40716447.326162173379511324
"EST","Natural Forest",False,1790710.14426421190971909,1887502.92994238317364254
"EST","Non-Natural Forest",False,379337.02448647417451605,396057.29427326416163488
"EST","Unknown",False,469373.25563110155589958,2265387.61731702712899256
"ETH","Natural Forest",False,5761494.54546710257103719,12326278.14803883558606554
"ETH","Natural Forest",True,1711137.79618283202144673,1719681.48296125838541653
"ETH","Non-Natural Forest",False,286051.75814937663209657,416155.50224592529822397
"ETH","Non-Natural Forest",True,38937.79366822928657061,39179.80032742725063012
"ETH","Unknown",False,4102606.82944950209594202,98253593.60477489274529593
"ETH","Unknown",True,140108.34563733900673755,147235.91118890198906396
"FIN","Natural Forest",False,12781276.538153460410979125,14553717.953151862298038105
"FIN","Non-Natural Forest",False,4671182.289296445369398022,4991174.322824918731285561
"FIN","Unknown",False,4175191.611939593680575605,14149021.409180722181363615
"FJI","Natural Forest",False,603018.81391171059000138,630697.06253143457823362
"FJI","Natural Forest",True,521434.74140482805484546,522811.52303532793356406
"FJI","Non-Natural Forest",False,3717.97998987218041861,4860.24369870323195262
"FJI","Non-Natural Forest",True,163.32418134237198435,168.90084229586266649
"FJI","Unknown",False,416720.39147502955422584,637973.16097678566969274
"FJI","Unknown",True,11506.64045230317300185,11703.49573596462913072
"FLK","Natural Forest",False,335.98471613948387656,13992.2850423784243645
"FLK","Unknown",False,1852.18071047599077567,1225783.79873708097287
"FRA","Natural Forest",False,8456603.23535710433657838,9186518.06896974732694068
"FRA","Non-Natural Forest",False,3763615.984623344812215082,4070665.151519283389019472
"FRA","Unknown",False,4562800.638297289272959009,41694349.818464404605354729
"FRO","Unknown",False,0.0,143970.7183116493791846
"FSM","Natural Forest",False,950.982807700234272,1331.857755695887764
"FSM","Unknown",False,5220.73489099233168,8934.86081080365076
"GAB","Natural Forest",False,1256017.54794998409175157,1303228.94846726979320058
"GAB","Natural Forest",True,22525202.96623832091239888,22535435.42284235602993958
"GAB","Non-Natural Forest",False,7628.42482089198043870,8255.79398475838174745
"GAB","Non-Natural Forest",True,10637.70785107182860202,10654.39973242662275868
"GAB","Unknown",False,757793.07052170251995641,2460281.02507801903453593
"GAB","Unknown",True,133674.68164417565638859,137105.90476228819149145
"GBR","Natural Forest",False,317477.12439868559453813,425392.18856942169706293
"GBR","Non-Natural Forest",False,772063.957619856842758338,882026.365493277657105660
"GBR","Unknown",False,2607607.375807775084267012,23375425.626379731939654325
"GEO","Natural Forest",False,2890227.3754644871902981,3134308.749818447262655
"GEO","Non-Natural Forest",False,3879.842019557995775094,6132.016980037624953450
"GEO","Unknown",False,250463.20476242802446347,3844012.44143767384284272
"GGY","Natural Forest",False,313.377303851540803,368.180835797500187
"GGY","Non-Natural Forest",False,259.71101222038631899,291.34746637208775579
"GGY","Unknown",False,2443.32167554412031499,17030.3468158615200761
"GHA","Natural Forest",False,1897697.09936237770781861,6183184.96263972068419115
"GHA","Natural Forest",True,1014084.98016216636684180,1014220.39038853411046540
"GHA","Non-Natural Forest",False,2204610.96578588419366890,2258690.59848401070741802
"GHA","Non-Natural Forest",True,46392.66338102483761761,46405.60348263492322061
"GHA","Unknown",False,1775434.26320322970568631,14414175.32619551855535140
"GHA","Unknown",True,30665.83768262377814245,30719.28047229968082425
"GIB","Natural Forest",False,36.705926746432276,36.95563324497828
"GIB","Non-Natural Forest",False,0.37454392264756947,0.37454392264756947
"GIB","Unknown",False,202.62654828198756528,1405.1027545958265804
"GIN","Natural Forest",False,6577113.29268710760632374,16890464.12500231795719516
"GIN","Natural Forest",True,225435.73129935792341687,227210.81779829420104160
"GIN","Non-Natural Forest",False,27734.86986217501529352,51697.03742623964768466
"GIN","Non-Natural Forest",True,384.85022357172489515,399.29641989193594063
"GIN","Unknown",False,1321326.82898027242667616,7303502.46242765709982091
"GIN","Unknown",True,7640.59821385133282935,8333.38663484931679720
"GLP","Natural Forest",False,30485.1555701427456209,31919.2299485365352414
"GLP","Natural Forest",True,36200.02861280946451142,36309.48676125832725402
"GLP","Non-Natural Forest",False,311.42099438779513054,353.35403588235622635
"GLP","Non-Natural Forest",True,22.91594483588541638,23.43355399347113746
"GLP","Unknown",False,27068.1951702269422802,95685.5313228799908953
"GLP","Unknown",True,669.26410726668779668,735.91736077542722840
"GMB","Natural Forest",False,3015.11586740360328426,247464.5464059942265873
"GMB","Natural Forest",True,106.63506477561790623,636.30771185591827081
"GMB","Non-Natural Forest",False,86.76398744081990080,1846.29349108251160306
"GMB","Non-Natural Forest",True,1.12401938459635430,4.34381406750271285
"GMB","Unknown",False,1349.82018021832085644,817042.3735272330376382
"GMB","Unknown",True,2.77264518161675338,28.08124815634765910
"GNB","Natural Forest",False,821587.32806735755252933,2241133.6575113757781013
"GNB","Natural Forest",True,68174.23576547855197627,77723.50408034843594412
"GNB","Non-Natural Forest",False,1950.60499333381726320,5206.65448747560313159
"GNB","Non-Natural Forest",True,131.72566132837185750,160.88103100390734292
"GNB","Unknown",False,174943.27634030937745507,1060108.98534614593321193
"GNB","Unknown",True,3064.61091862083448589,3856.76818555178905248
"GNQ","Natural Forest",False,353997.16912669080754713,363923.58771497805082008
"GNQ","Natural Forest",True,2204752.41558371049171061,2207783.06777910401600961
"GNQ","Non-Natural Forest",False,331.99390920032939691,339.83181063166611881
"GNQ","Non-Natural Forest",True,326.97339234795512637,327.81916267817916057
"GNQ","Unknown",False,54123.17696296569202595,82033.33724949736571945
"GNQ","Unknown",True,41067.86936340794740556,41531.23792367419823694
"GRC","Natural Forest",False,2147539.144012161702480924,3171366.90984307124956116
"GRC","Non-Natural Forest",False,925600.805246540955220710,1035874.960240343089861644
"GRC","Unknown",False,599467.81847297122485488,9050655.49551506156433577
"GRD","Natural Forest",False,21057.97242948113371794,21577.77122662038977757
"GRD","Natural Forest",True,0.0,0.07523703303982206
"GRD","Non-Natural Forest",False,89.76185257523167278,114.66405746502172730
"GRD","Unknown",False,7385.98507646577682881,14259.84780627064890637
"GTM","Natural Forest",False,2935588.63068696889568639,3203553.99852093092354684
"GTM","Natural Forest",True,2209941.59652977808811879,2210449.96671264484149529
"GTM","Non-Natural Forest",False,29001.81102189789293749,32325.87793609748319734
"GTM","Non-Natural Forest",True,7062.53199911867097687,7067.94048209718752418
"GTM","Unknown",False,2144401.04455194289224942,5094750.31398723945422037
"GTM","Unknown",True,365100.55480652885059310,366253.54986935389084380
"GUF","Natural Forest",False,249860.98149516251298590,266215.00038208758291389
"GUF","Natural Forest",True,7811865.94092483185653516,7812387.22010722267521466
"GUF","Non-Natural Forest",False,1.07306876913845491,4.75181665264133095
"GUF","Non-Natural Forest",True,1.22559223073133688,1.60848816473063168
"GUF","Unknown",False,58759.51614432366249638,208899.42395213348470439
"GUF","Unknown",True,42264.73022007094265599,42593.24869169286320771
"GUY","Natural Forest",False,1282012.57992684189333372,1324149.70566495468212281
"GUY","Natural Forest",True,17161318.46035719737112048,17164857.06093501140760173
"GUY","Non-Natural Forest",False,381.69972953557397072,408.65478536433814077
"GUY","Non-Natural Forest",True,38.69675122097792868,41.28933505642470697
"GUY","Unknown",False,420616.33132804994512576,2351939.93196742294934189
"GUY","Unknown",True,131669.70889187082980476,133008.94896398337230190
"HND","Natural Forest",False,3603490.30840359707978947,4221468.08477560425688983
"HND","Natural Forest",True,1966798.88139173197989097,1970450.39874681194803325
"HND","Non-Natural Forest",False,167327.04790682070566009,173839.89712562240336063
"HND","Non-Natural Forest",True,13704.45329695874045455,13715.13328026293132905
"HND","Unknown",False,1819589.28356692721535488,4679084.54188236699810460
"HND","Unknown",True,169585.94885056284114928,170449.54402925338588323
"HRV","Natural Forest",False,1911387.12651011752021477,2002990.41128467527276007
"HRV","Non-Natural Forest",False,175355.66110446171314433,192230.72315409304176843
"HRV","Unknown",False,344560.25449355596449530,3512616.55156235112282182
"HTI","Natural Forest",False,640041.9005849736157671,897252.5629833593964293
"HTI","Natural Forest",True,8447.05445391873255133,8911.75015928060291217
"HTI","Non-Natural Forest",False,6057.28241716637079287,8945.13765065934770562
"HTI","Non-Natural Forest",True,23.37519987188693508,23.73837799515516368
"HTI","Unknown",False,203685.86785469346310326,1795364.53807300238401573
"HTI","Unknown",True,212.06183523002388955,258.42021855727107461
"HUN","Natural Forest",False,1215914.744933123761564535,1242997.411462829585148395
"HUN","Non-Natural Forest",False,310042.47319521805541346,322255.98824529175446820
"HUN","Unknown",False,463638.629010871661801598,7738710.178372925883495339
"IDN","Natural Forest",False,18751138.79583279942143102,19585584.76802019529853913
"IDN","Natural Forest",True,85980429.02540404187867121,86001874.15569975629712231
"IDN","Non-Natural Forest",False,12710508.43593241597310537,16218924.98017695333702832
"IDN","Non-Natural Forest",True,3904419.33854002925450590,3907666.95848198794554701
"IDN","Unknown",False,35341252.89048976865046615,59346874.82002203542144879
"IDN","Unknown",True,3953073.72125829457904324,3962654.88476440333229515
"IMN","Natural Forest",False,1536.80823684066843711,1729.61870957508098161
"IMN","Non-Natural Forest",False,3748.68901664351407311,3902.59030136445262024
"IMN","Unknown",False,21148.80199133202872765,110300.8101341060713133
"IND","Natural Forest",False,20369234.50359826559910491,38137622.93362267294481183
"IND","Natural Forest",True,6201865.79507073222263621,6308911.93852672136149111
"IND","Non-Natural Forest",False,3072548.47160045624568429,5396690.11491031360420919
"IND","Non-Natural Forest",True,153321.70279374035322174,155507.34349490339532948
"IND","Unknown",False,2710851.36180627740108476,247718371.14869621217550716
"IND","Unknown",True,112938.48198281660460045,118636.31398166144832118
"IRL","Natural Forest",False,60344.14373015723072634,105028.52570728557574729
"IRL","Non-Natural Forest",False,166964.748920465153185554,264645.397080449080874890
"IRL","Unknown",False,611269.736318281847236184,6656932.50237500872728695
"IRN","Natural Forest",False,1557255.32543026202629676,1739202.326677348431941754
"IRN","Non-Natural Forest",False,7401.049110368955070320,13792.947524132556896121
"IRN","Unknown",False,167013.94938798913215293,160421338.29292085372120720
"IRQ","Natural Forest",False,1998.357275273008838486,19300.6015633024004069
"IRQ","Non-Natural Forest",False,187.953945356948762996,3795.05322581222704450
"IRQ","Unknown",False,15319.52774238304454802,43622343.8519415471728626
"ISL","Unknown",False,0.0,10222382.8823844418760
"ISR","Natural Forest",False,20171.22343845597789189,47074.52007359115277347
"ISR","Non-Natural Forest",False,1360.45334230816186771,3278.74600039652685137
"ISR","Unknown",False,7953.09063063735178052,2165530.57434787091397062
"ITA","Natural Forest",False,6604245.06286679878150084,6982992.69460389424800691
"ITA","Non-Natural Forest",False,392283.751091159499858340,407870.060387542703801506
"ITA","Unknown",False,2321456.12802432907994965,22682441.028584948873820164
"JAM","Natural Forest",False,391009.21910824746711552,420943.38947205101449758
"JAM","Natural Forest",True,231275.60797859829739571,232135.60236642883597688
"JAM","Non-Natural Forest",False,4270.77421534787238133,4640.39078342011178415
"JAM","Non-Natural Forest",True,401.31460300992224472,402.26730936866682019
"JAM","Unknown",False,136066.96317315014370964,436210.10171118404585015
"JAM","Unknown",True,5428.18493415024017551,5656.37734697504671357
"JEY","Natural Forest",False,407.6327476333811442,447.22707371063811465
"JEY","Non-Natural Forest",False,210.5235274742361330,224.3970416536284855
"JEY","Unknown",False,2481.78512001624071005,24353.47979851296047303
"JOR","Natural Forest",False,2185.1099132893310762,7565.49107289781024902
"JOR","Non-Natural Forest",False,0.91472621121853310,285.78684421283855026
"JOR","Unknown",False,85.43510176697264150,8911533.6969163798980962
"JPN","Natural Forest",False,14922268.5076808085842836,15411533.1710972502362076
"JPN","Non-Natural Forest",False,8292338.188874502841445134,8472985.252132269915145464
"JPN","Unknown",False,3172611.838914114755128768,13355764.809174792615991924
"KAZ","Natural Forest",False,2280329.15210586820867755,2783282.83653280867168394
"KAZ","Non-Natural Forest",False,516866.21771421084172658,819453.32328937314265510
"KAZ","Unknown",False,1443119.53699280780137232,269449982.050417379627250816
"KEN","Natural Forest",False,1050155.23988844337738878,2007266.98665203202300432
"KEN","Natural Forest",True,568125.22546596679720967,568832.28601484671082567
"KEN","Non-Natural Forest",False,102102.56670336663393104,149183.00033643481045101
"KEN","Non-Natural Forest",True,12277.17713282336373408,12285.78641501936089619
"KEN","Unknown",False,1517635.28915502925974606,55791232.23469833773321055
"KEN","Unknown",True,69176.15407556001772107,69532.07107824150965317
"KGZ","Natural Forest",False,529895.265383464355919435,883347.277465292950542
"KGZ","Non-Natural Forest",False,2851.852935803256003786,5242.59494056140674189
"KGZ","Unknown",False,142187.30326948333869763,18856238.06560480491125135
"KHM","Natural Forest",False,2215382.52384489437309542,3488645.73214566772897874
"KHM","Natural Forest",True,3117240.31914261317270623,3125783.10735269621156323
"KHM","Non-Natural Forest",False,146848.14990147148847391,237650.94568792400772167
"KHM","Non-Natural Forest",True,84590.21004244883664746,85432.59584507064278511
"KHM","Unknown",False,2168437.26540490870139615,10117725.35717852571878110
"KHM","Unknown",True,1095653.41594190676297306,1114485.86033885819822416
"KIR","Unknown",False,0.0,688.8485014332197
"KNA","Natural Forest",False,5171.89954210861414802,5761.5371262591005101
"KNA","Natural Forest",True,5623.756806485973384,5640.229053224739764
"KNA","Non-Natural Forest",False,31.11475481050564415,55.30997479792535291
"KNA","Non-Natural Forest",True,2.42805939618815098,2.57526278064561618
"KNA","Unknown",False,2212.02999947556680599,15014.11515611771636590
"KNA","Unknown",True,218.43055293379765722,243.80063305730240252
"KOR","Natural Forest",False,4165213.08628541090678940,4708602.18468282035678813
"KOR","Non-Natural Forest",False,812973.516286133950720774,974588.324920887442751574
"KOR","Unknown",False,389826.702620986271572327,4370437.558744142553963300
"KWT","Unknown",False,0.0,1742836.8079076939352704
"LAO","Natural Forest",False,9169570.95027685265450315,10082823.63728646162277681
"LAO","Natural Forest",True,7908572.92891123476654023,7940724.32139612415149308
"LAO","Non-Natural Forest",False,224756.98518471110620098,284507.66474003183300654
"LAO","Non-Natural Forest",True,54407.00907434236639885,57257.81718693335539787
"LAO","Unknown",False,1410509.76844023500161663,4259427.25932358847511614
"LAO","Unknown",True,351031.84207676241851280,362432.77012122568369487
"LBN","Natural Forest",False,45929.6499872530685910,94265.56533144583317874
"LBN","Non-Natural Forest",False,4111.13053058120274300,6687.05772547972963485
"LBN","Unknown",False,15195.29172878704403658,922853.40275321796702530
"LBR","Natural Forest",False,4340835.58849233728475484,4393735.65474216699035326
"LBR","Natural Forest",True,4372831.63836193433641993,4373470.68498499141534133
"LBR","Non-Natural Forest",False,135661.28272371408978727,138828.13568348267941555
"LBR","Non-Natural Forest",True,14246.98272428570311933,14283.50819731891000962
"LBR","Unknown",False,479167.36643783397438212,629160.61146444109159789
"LBR","Unknown",True,41975.21193952755478477,42326.36154649917845875
"LBY","Natural Forest",False,5324.9126730080247160,21015.7972701843298472
"LBY","Non-Natural Forest",False,37.86526600654948321,593.89014797819869020
"LBY","Unknown",False,1470.23139127499396044,161585346.8501417030142624
"LCA","Natural Forest",False,28161.05690471994342297,28653.25231247320100427
"LCA","Natural Forest",True,13567.4538347656711607,13585.84247087483706484
"LCA","Non-Natural Forest",False,165.92279153113283673,178.18095790708225578
"LCA","Non-Natural Forest",True,45.75232420871153006,45.75232420871153006
"LCA","Unknown",False,8468.99649450541949658,18642.866403472781978
"LCA","Unknown",True,322.30255240601895183,341.95900095995275583
"LIE","Natural Forest",False,4800.31396643353979814,5267.13049432421502774
"LIE","Non-Natural Forest",False,810.59887905539915776,815.55400085026465234
"LIE","Unknown",False,3331.48604189993631069,9864.77828160515134514
"LKA","Natural Forest",False,2485272.47179179822451978,2896005.20406109765787062
"LKA","Natural Forest",True,578779.27526965893926520,579095.69053603419369220
"LKA","Non-Natural Forest",False,180430.50723798056675192,210351.53058141397131754
"LKA","Non-Natural Forest",True,5864.28247647452297573,5871.68419183819387193
"LKA","Unknown",False,678202.19232034680993004,2880945.56078295076163736
"LKA","Unknown",True,11368.40469167155924912,11447.47360527764936957
"LSO","Natural Forest",False,4585.36154166981906013,366455.75782740403970542
"LSO","Natural Forest",True,1.01109124505316844,1.41549146656032994
"LSO","Non-Natural Forest",False,68.78126105006184261,792.75345528587242043
"LSO","Unknown",False,1396.57988728184243723,2687279.44467086119425663
"LTU","Natural Forest",False,1396267.55747501638828255,1449205.32221252194150745
"LTU","Non-Natural Forest",False,539315.026182590405829324,568165.935795198494635754
"LTU","Unknown",False,400641.760000675181555478,4484291.910777328590020254
"LUX","Natural Forest",False,45007.7608478310157279,45789.5317836996349548
"LUX","Non-Natural Forest",False,24025.194924240706937070,24628.482316570882720320
"LUX","Unknown",False,32295.32614240984209500,187740.02429836883849131
"LVA","Natural Forest",False,2335729.991590072890376400,2457098.985696846323994145
"LVA","Non-Natural Forest",False,556743.905538710107990905,588885.089988700285027675
"LVA","Unknown",False,661034.533154943782017795,3425017.264139537688341735
"MAF","Natural Forest",False,553.8229181270238487,609.7678571399087833
"MAF","Natural Forest",True,750.870256892810695,752.041895480669852
"MAF","Non-Natural Forest",False,8.27441288599392344,15.23063838454209357
"MAF","Non-Natural Forest",True,0.21967474494791669,0.21967474494791669
"MAF","Unknown",False,483.2269686373575595,4181.8924825061176961
"MAF","Unknown",True,52.8699192588433003,56.4578395572319766
"MAR","Natural Forest",False,516833.48699000622089992,1053283.40033153472581166
"MAR","Non-Natural Forest",False,19431.52159442699829441,37398.20262798437150444
"MAR","Unknown",False,112301.11792823556721365,40258472.65588035107313566
"MCO","Non-Natural Forest",False,0.11189448688802084,0.11189448688802084
"MCO","Unknown",False,0.6713655397135417,470.4830744701799451
"MDA","Natural Forest",False,161049.44239278013457995,176479.29097907139150475
"MDA","Non-Natural Forest",False,113263.26480936056285593,120557.686145274649018366
"MDA","Unknown",False,81691.754087114728972755,3093739.21207207851205892
"MDG","Natural Forest",False,8524550.90195364957455940,10777287.29449545549078240
"MDG","Natural Forest",True,4708061.27449379108068845,4724235.50330757784951545
"MDG","Non-Natural Forest",False,65207.04535386410487848,116484.57094248234594059
"MDG","Non-Natural Forest",True,16764.67489736096312446,16820.10496777800073002
"MDG","Unknown",False,3697648.77917301300427481,43377850.15677434638855621
"MDG","Unknown",True,128851.45252490853760945,132025.09607571606434017
"MDV","Natural Forest",False,1453.9315912932687410,2598.755446343739767
"MDV","Natural Forest",True,574.53705258080401592,614.81993767704370145
"MDV","Non-Natural Forest",False,2.90376240114556207,20.63153946515435291
"MDV","Non-Natural Forest",True,0.07642586242621528,0.15285694518120663
"MDV","Unknown",False,3282.4630940327160467,24319.7380345531762923
"MDV","Unknown",True,255.84199008952332528,358.61522080766466905
"MEX","Natural Forest",False,35621558.56887480568509614,49096633.69388798221447210
"MEX","Natural Forest",True,8856310.34627176682113023,8904549.99855794070844822
"MEX","Non-Natural Forest",False,106448.20138805786079455,192955.66694811693612004
"MEX","Non-Natural Forest",True,5653.97978107705853054,5716.18995823703342962
"MEX","Unknown",False,8230706.65770207586518600,136555425.79205640301811534
"MEX","Unknown",True,348248.32624751930128234,353413.82146282035590990
"MKD","Natural Forest",False,657839.123780495898395834,791685.558188093966965134
"MKD","Non-Natural Forest",False,32352.95423665327723630,41640.6604289722540243
"MKD","Unknown",False,91807.968882224465917604,1657674.1440975893103919
"MLI","Natural Forest",False,20214.52677321502101718,6787853.73060100735170277
"MLI","Non-Natural Forest",False,16.18865849912977185,80579.54016194686163597
"MLI","Unknown",False,4867.28432386388319113,118250998.21362663704884277
"MLT","Natural Forest",False,2.505424099114583,2.8186014079904513
"MLT","Non-Natural Forest",False,0.0,0.25013118835503473
"MLT","Unknown",False,114.01121568920139386,32332.53483116934662587
"MMR","Natural Forest",False,24676171.37298460591078220,27993301.33847003599642103
"MMR","Natural Forest",True,13703947.79051937579550918,13794245.66619185010428205
"MMR","Non-Natural Forest",False,922723.20486164293364099,1139789.87919792405247649
"MMR","Non-Natural Forest",True,112288.49427214417788622,113360.58377869083716688
"MMR","Unknown",False,3229107.53828772227837180,23654294.28945744023649837
"MMR","Unknown",True,219122.33504205383819773,234640.54214372060907632
"MNE","Natural Forest",False,459098.1175380364538393,533907.4720069163758436
"MNE","Non-Natural Forest",False,63715.83905845431614464,66979.52696342548006807
"MNE","Unknown",False,93645.464025415575523266,732766.77839608386729289
"MNG","Natural Forest",False,3510360.523051250126409646,7383467.95773219613001646
"MNG","Non-Natural Forest",False,36300.363892599547920385,103440.87925927889099832
"MNG","Unknown",False,543798.159178433070266038,149138002.170896681463396565
"MOZ","Natural Forest",False,21095935.48452939074702115,35573820.60299111769845473
"MOZ","Natural Forest",True,102970.46854843878696955,107100.63645446943965347
"MOZ","Non-Natural Forest",False,76593.34016835846937590,185364.48820960968911761
"MOZ","Non-Natural Forest",True,644.42028488021446297,662.82867273732545734
"MOZ","Unknown",False,7628318.34804128166973493,42860288.07590483230572987
"MOZ","Unknown",True,16068.90806178947737961,18881.75358074365957238
"MRT","Natural Forest",False,0.0,1010.0709359813786893
"MRT","Non-Natural Forest",False,0.0,209.09311581570803139
"MRT","Unknown",False,33.31622286066295526,104115715.0389301320102460
"MSR","Natural Forest",False,2391.316938286722883,3423.273035868374656
"MSR","Natural Forest",True,1607.740212542954145,1619.319362047869511
"MSR","Non-Natural Forest",False,6.5630495114246968,25.9610318796614621
"MSR","Non-Natural Forest",True,1.10621254947482646,1.10621254947482646
"MSR","Unknown",False,456.03938120507013021,4864.80507601661626751
"MSR","Unknown",True,119.76145704666466162,127.35736390015531312
"MTQ","Natural Forest",False,35770.28793687986290109,37671.95881623103092003
"MTQ","Natural Forest",True,16526.7308532028670540,16604.26824219342422643
"MTQ","Non-Natural Forest",False,280.78083207970323488,342.09012634419760468
"MTQ","Non-Natural Forest",True,7.30247773972439176,7.52602606319335886
"MTQ","Unknown",False,21526.9482296088892106,56517.3459094704858115
"MTQ","Unknown",True,538.29954148577377748,645.73471552606651578
"MUS","Natural Forest",False,370.1708778602603558,596.7012201531782575
"MUS","Unknown",False,70937.53979770950303317,190772.9566428512802971
"MWI","Natural Forest",False,1051786.22863933102516986,2062223.07805269741816734
"MWI","Natural Forest",True,3501.03700582179783581,3618.40558534763052123
"MWI","Non-Natural Forest",False,34239.44878810390737041,49322.51147084344796762
"MWI","Non-Natural Forest",True,1478.71591914969523455,1480.50954995856408952
"MWI","Unknown",False,429775.06135039425108603,9675787.94713302179854362
"MWI","Unknown",True,247.56075288613253621,269.10913551708468405
"MYS","Natural Forest",False,4066337.23411365141767416,4268371.19832084342170137
"MYS","Natural Forest",True,13775082.45434592579540799,13779609.86474731036929499
"MYS","Non-Natural Forest",False,1360073.22585680183833991,1584929.24289054780302941
"MYS","Non-Natural Forest",True,719800.11951302597279636,720400.57256470834850656
"MYS","Unknown",False,8075874.62517502721145826,11154463.98253986602592185
"MYS","Unknown",True,1447600.70976817290322420,1450074.16252404567322845
"MYT","Natural Forest",False,28427.58899984917114829,29148.01940862397213113
"MYT","Non-Natural Forest",False,107.40539091232578277,116.18773829271750682
"MYT","Unknown",False,5042.05603495802742136,9901.04754025641422176
"NAM","Natural Forest",False,679.49460755798784421,140439.58092798876831986
"NAM","Non-Natural Forest",False,16.49021500759874235,4549.45654409537369266
"NAM","Unknown",False,3549.79242854714824031,82258993.96737741550046387
"NCL","Natural Forest",False,1275161.64490851041675638,1414601.4026545816961031
"NCL","Non-Natural Forest",False,2779.20473405289194514,4220.30872593875608618
"NCL","Unknown",False,162386.68093992202981691,463739.10229007115580453
"NER","Natural Forest",False,0.0,14625.6760351345666054
"NER","Non-Natural Forest",False,0.0,2036.67435404553708597
"NER","Unknown",False,2.32870724518934482,118350306.629104769631620
"NGA","Natural Forest",False,6307889.97395612541287641,17907749.19927853931375708
"NGA","Natural Forest",True,1777041.46966051112825057,1787823.72510872470074706
"NGA","Non-Natural Forest",False,229689.75740771259765394,480190.47117509147704901
"NGA","Non-Natural Forest",True,14974.57041232082084101,15185.87054042783086056
"NGA","Unknown",False,1608034.24211332825037737,70535046.97167432059982542
"NGA","Unknown",True,111113.16062360944772471,114974.16584146081027837
"NIC","Natural Forest",False,2834592.98894807737320991,3107900.13195292667148901
"NIC","Natural Forest",True,1775177.88533583629791728,1779086.91191388685035008
"NIC","Non-Natural Forest",False,19428.58444089738361106,23010.90546958653587023
"NIC","Non-Natural Forest",True,1648.89725122338384977,1659.75890264452864988
"NIC","Unknown",False,2899936.00238512159147150,7662063.69846550017056741
"NIC","Unknown",True,243083.13838665302325482,244170.14937827013170552
"NLD","Natural Forest",False,64521.13546125326726427,71402.149715157017499895
"NLD","Non-Natural Forest",False,141767.78455263422004353,146423.66980557735544347
"NLD","Unknown",False,386766.39747056487768403,3550849.05195264250534891
"NOR","Natural Forest",False,7097819.182872344338052354,8012979.962398096980575176
"NOR","Non-Natural Forest",False,1598722.448947730401943684,1673194.197391467891758096
"NOR","Unknown",False,3042973.869987673361056646,22825882.287201253551072932
"NPL","Natural Forest",False,4072963.77899737912984756,5722859.27003419029252112
"NPL","Natural Forest",True,717572.68983004728022671,737270.83597270962506828
"NPL","Non-Natural Forest",False,8026.13948090707494112,29805.63282020027249315
"NPL","Non-Natural Forest",True,25.63239330989149331,27.87012293922526105
"NPL","Unknown",False,354963.83755463852720947,8268156.52946954382660861
"NPL","Unknown",True,7485.29249630585384379,8116.28477577926886196
"NRU","Unknown",False,0.0,2215.92588529506891
"NZL","Natural Forest",False,7770075.673401264835808146,8195873.534241290299907924
"NZL","Non-Natural Forest",False,1609643.847958664292200328,2153681.018346693572056812
"NZL","Unknown",False,1876084.237702109554061424,16367070.263162536692244084
"OMN","Natural Forest",False,0.0,20944.0528621137342424
"OMN","Non-Natural Forest",False,0.0,384.05908351771150798
"OMN","Unknown",False,0.35978744001953125,30892878.09975799361764265
"PAK","Natural Forest",False,617381.6592017272689047,1416193.807999327606784
"PAK","Non-Natural Forest",False,1886.63380822083072845,15308.06229734890651413
"PAK","Unknown",False,61869.38702910135845725,77806598.5064794175972422
"PAN","Natural Forest",False,1656525.02891418309678136,1758328.99675151806006231
"PAN","Natural Forest",True,2883840.97048456799387644,2896492.33380541901241079
"PAN","Non-Natural Forest",False,32143.06813799258527992,35496.08202559669407357
"PAN","Non-Natural Forest",True,2201.68327470348039214,2225.44117936531549354
"PAN","Unknown",False,1113747.69096543237963664,2805984.45521844935953057
"PAN","Unknown",True,46130.05861561932718677,46736.60502196750765875
"PER","Natural Forest",False,3997376.34464136125369546,4778965.18956599502292197
"PER","Natural Forest",True,66392288.19650380957312545,66427057.38229947135338531
"PER","Non-Natural Forest",False,111468.63118323368229094,220107.26125463507561053
"PER","Non-Natural Forest",True,50824.00111742283373098,50908.55990618591945318
"PER","Unknown",False,4851270.23587790674831820,55098662.71575176000218180
"PER","Unknown",True,2660327.52454960336102009,2670750.59974796976693694
"PHL","Natural Forest",False,7145662.68604322319051288,8486054.02856706723548238
"PHL","Natural Forest",True,4474550.45734047053863089,4477440.02059155837242703
"PHL","Non-Natural Forest",False,4392608.00410880681422407,5000174.99741347368469448
"PHL","Non-Natural Forest",True,79229.66110765922233158,79404.88981274564146460
"PHL","Unknown",False,2476072.04236675107829549,11510848.72713032015101601
"PHL","Unknown",True,31245.30617545924333948,31690.65383795027187726
"PLW","Natural Forest",False,19064.94428416607462992,20375.48538429795554892
"PLW","Natural Forest",True,18113.45755912783205339,18152.37248592709250209
"PLW","Non-Natural Forest",False,37.99841274841417168,53.86855546819878697
"PLW","Non-Natural Forest",True,29.14926701999647312,30.14135233070692144
"PLW","Unknown",False,3129.99746188414078516,8830.84256145132788607
"PLW","Unknown",True,863.94968810390217760,966.15302612759107721
"PNG","Natural Forest",False,7631410.67246020464012494,8315102.03812173828121631
"PNG","Natural Forest",True,32187954.31104533157617224,32201787.65784284483309364
"PNG","Non-Natural Forest",False,327833.57113978485416233,353986.52378495294228280
"PNG","Non-Natural Forest",True,103401.70785913972166749,103450.83854294616316749
"PNG","Unknown",False,2367070.58880087384177620,5080313.40041646802144536
"PNG","Unknown",True,302591.46000619325890951,306421.39371903685310619
"POL","Natural Forest",False,2888942.59109577824173391,3130490.50636847485296551
"POL","Non-Natural Forest",False,5825165.297872279082157295,6210206.957537666315644885
"POL","Unknown",False,1725389.709109167263456872,21899234.177307321971308964
"PRI","Natural Forest",False,306851.14733010276480716,320612.58317242563107738
"PRI","Natural Forest",True,62086.11291371728305708,62214.55805760038355478
"PRI","Non-Natural Forest",False,1295.93745225069365746,1548.74500381816231259
"PRI","Non-Natural Forest",True,69.00405760229057926,69.44307793862087176
"PRI","Unknown",False,151031.31370957802012685,510126.5385204157934572
"PRI","Unknown",True,2362.01732672377708081,2463.94605466636267095
"PRK","Natural Forest",False,4609971.6488038537311669,6101774.1189384351950467
"PRK","Non-Natural Forest",False,301721.253131955255580170,529993.416367603263824640
"PRK","Unknown",False,283872.72320363466529903,5638881.81961083346893688
"PRT","Natural Forest",False,973135.280320770382338875,1346336.975398603052848995
"PRT","Non-Natural Forest",False,357924.159956693851837974,454796.373294200906040224
"PRT","Unknown",False,971424.219552628478875155,7154391.547621650483958661
"PRY","Natural Forest",False,14666454.87340755143816448,18710532.39235658957258065
"PRY","Natural Forest",True,2724364.85631881665988068,2726713.37205231784432548
"PRY","Non-Natural Forest",False,367.92040667271051027,534.56997797413082167
"PRY","Non-Natural Forest",True,152.70501563711597091,152.99002859072165676
"PRY","Unknown",False,6128970.89635923413177042,17735533.64428262828773598
"PRY","Unknown",True,752896.87597344139875011,755154.13742938747080955
"PSE","Natural Forest",False,452.95903006996249717,5979.46073568723003291
"PSE","Non-Natural Forest",False,1.11339670991970491,91.40455214795897905
"PSE","Unknown",False,160.69447206256615460,615933.80328533751060088
"QAT","Natural Forest",False,0.0,161.28722496640602076
"QAT","Non-Natural Forest",False,0.0,0.76410187725260422
"QAT","Unknown",False,0.0,1158173.0766093368166832
"REU","Unknown",False,170475.02710334849515926,251270.74701839281567366
"ROU","Natural Forest",False,5800227.5030723335899072,6349380.4944944658859822
"ROU","Non-Natural Forest",False,1225511.163333281193288675,1282282.977263340946125775
"ROU","Unknown",False,889421.138769438202231806,16202115.681548991526703937
"RUS","Natural Forest",False,658345528.677277934045514523,746353355.138208410323202699
"RUS","Non-Natural Forest",False,17928435.064305930020557988,20211717.161208117586014468
"RUS","Unknown",False,84952545.61181108897428011,922890424.820044438339880306
"RWA","Natural Forest",False,93956.19748649030154515,114957.44691343832207498
"RWA","Natural Forest",True,52983.88217830910497289,53032.76455443771090689
"RWA","Non-Natural Forest",False,32540.24586244300182504,43875.81083822264037985
"RWA","Non-Natural Forest",True,510.73323217714758249,511.42495220456239909
"RWA","Unknown",False,317726.50972472923242790,2315291.78355974932027519
"RWA","Unknown",True,237.19041473497092687,237.65154680165929407
"SAU","Natural Forest",False,0.07316846775716146,14772.5344483171752172
"SAU","Non-Natural Forest",False,0.0,114.1528025648633003
"SAU","Unknown",False,6.734543924595271,192286724.04226301820690
"SDN","Natural Forest",False,64687.59279085571472926,3750083.64009293482919145
"SDN","Non-Natural Forest",False,81.4725811629470661,5923.13435994471966040
"SDN","Unknown",False,7943.49468830043529832,183457274.81128969177797836
"SEN","Natural Forest",False,32984.83041443165654146,4008757.8989381025425160
"SEN","Natural Forest",True,3394.06913612032317504,9830.56186821698466395
"SEN","Non-Natural Forest",False,76.03928423420363473,4677.92764050898538703
"SEN","Non-Natural Forest",True,3.00474517968587254,5.32870107678276934
"SEN","Unknown",False,3026.35155282757845597,15665559.88462528008173666
"SEN","Unknown",True,83.76604349825789103,182.65211769875316559
"SGP","Natural Forest",False,9050.05820021389482038,10457.73736430415710958
"SGP","Natural Forest",True,814.40715247031757235,815.17627096758426835
"SGP","Non-Natural Forest",False,95.44558450482788946,146.05249124616243538
"SGP","Non-Natural Forest",True,1.46127995629001182,1.46127995629001182
"SGP","Unknown",False,8793.40221625712469669,58251.50489348237462362
"SGP","Unknown",True,28.22604829752136642,29.07206245026028682
"SLB","Natural Forest",False,480385.12948712266127955,499880.14116244922778646
"SLB","Natural Forest",True,1910409.51757113502689270,1912259.03410030969298290
"SLB","Non-Natural Forest",False,6238.69432942929496625,6376.44627352987270907
"SLB","Non-Natural Forest",True,1617.94256248413874282,1625.31079038903664310
"SLB","Unknown",False,262100.64784356361434911,351307.66537036141387289
"SLB","Unknown",True,80841.37668542635928699,81826.88194510893379788
"SLE","Natural Forest",False,4425015.47964388534423678,5173308.00596225264131824
"SLE","Natural Forest",True,269377.94718259194755423,269500.16175292738165538
"SLE","Non-Natural Forest",False,34619.97992576017154431,38928.45817456227009108
"SLE","Non-Natural Forest",True,178.68136745957138326,180.05235379980820218
"SLE","Unknown",False,881856.06338103807101222,1771225.87319186375793941
"SLE","Unknown",True,6831.65569513904048549,6995.38806068044324858
"SLV","Natural Forest",False,643958.87880366465243459,751503.31394914056628002
"SLV","Natural Forest",True,48253.62161916054995329,50381.60644562592559159
"SLV","Non-Natural Forest",False,8092.57707550526358631,8961.76052782239610324
"SLV","Non-Natural Forest",True,918.63748803088539519,924.03167864707464338
"SLV","Unknown",False,286197.16091954816644030,1228968.91424991976659550
"SLV","Unknown",True,1399.21233080320490284,1533.53252521269325158
"SMR","Natural Forest",False,293.911827795523763,303.504443708067140
"SMR","Non-Natural Forest",False,8.866850616547309406,9.64768205375217139
"SMR","Unknown",False,526.706010146997558,5808.0300040878068158
"SOM","Natural Forest",False,46637.11366245023615714,157733.9128347904391986
"SOM","Non-Natural Forest",False,383.74679636629416319,1286.12152507431263051
"SOM","Unknown",False,40107.21432489075398215,63194068.36750869343146013
"SPM","Natural Forest",False,2300.8408625533258855,2391.0856297681763640
"SPM","Non-Natural Forest",False,164.9328004612760505,176.9038457505424813
"SPM","Unknown",False,8442.370281431510714,42758.419522512868202
"SRB","Natural Forest",False,2212031.8020891736501783,2444419.2176262576886113
"SRB","Non-Natural Forest",False,154811.85732891216429626,168536.80574775426800612
"SRB","Unknown",False,363461.06483725100664525,5210194.98611581719786258
"SSD","Natural Forest",False,10085462.77460964559611110,26478187.03628390406556586
"SSD","Natural Forest",True,82475.01353314266473531,82621.52276966182954531
"SSD","Non-Natural Forest",False,3613.45184800608422417,19342.80770527240435366
"SSD","Non-Natural Forest",True,2.99040945792249913,2.99040945792249913
"SSD","Unknown",False,1213730.76784060393671231,36228424.61943181755198655
"SSD","Unknown",True,1271.73025056231494755,1315.31566525360175905
"STP","Natural Forest",False,17.386559509535864,67.54590064957616
"STP","Unknown",False,14196.34201031738091204,100150.6726166569038922
"SUR","Natural Forest",False,944062.46095617609734151,977228.69566987909874636
"SUR","Natural Forest",True,12669680.33048788083057911,12672101.36062916852628759
"SUR","Non-Natural Forest",False,17.60323019849962112,38.57314592186305875
"SUR","Non-Natural Forest",True,45.15338431746419702,47.52581867215494560
"SUR","Unknown",False,235347.50306030741662924,889769.38297474820603678
"SUR","Unknown",True,100641.81804722512846506,103352.48823980132207467
"SVK","Natural Forest",False,1739814.17159235137810407,1773043.15231377466152337
"SVK","Non-Natural Forest",False,347292.045207507424681554,354269.19300297819175634
"SVK","Unknown",False,309728.289032577379105995,2782251.717123737518687937
"SVN","Natural Forest",False,896889.20868615957011639,916335.856826423808959506
"SVN","Non-Natural Forest",False,205734.684437059956790564,206514.616314290074282360
"SVN","Unknown",False,189294.541902079367016980,872823.735416286008387446
"SWE","Natural Forest",False,13776914.536446944710728395,15653650.048859047589798995
"SWE","Non-Natural Forest",False,7847715.149877381163412012,8463852.365463544457500656
"SWE","Unknown",False,6259081.953040394438670864,20887049.324603758821720958
"SWZ","Natural Forest",False,309373.91710997144577444,523086.05904005970320884
"SWZ","Non-Natural Forest",False,44837.61004650183216117,55795.50522542870337120
"SWZ","Unknown",False,115011.61796770189749112,1159437.54016830092310973
"SXM","Natural Forest",False,365.704580169797551,387.31148189747399291
"SXM","Natural Forest",True,190.935781258394676,191.521691392441990
"SXM","Non-Natural Forest",False,5.7862606008311614,7.397638920554471
"SXM","Non-Natural Forest",True,1.39157055639756964,1.39157055639756964
"SXM","Unknown",False,395.1558649579386800,3147.99603711194961246
"SXM","Unknown",True,63.4986677106068286,66.1352858667103546
"SYC","Natural Forest",False,843.1529957915822104,1056.742661511102527
"SYC","Non-Natural Forest",False,33.55914923236707416,78.0501920032152387
"SYC","Unknown",False,5332.760615161122766,19131.7725584835500777
"SYR","Natural Forest",False,60879.29264298058976792,109179.77744172951058040
"SYR","Non-Natural Forest",False,6674.29801510153509283,9790.47554172366968360
"SYR","Unknown",False,38386.34156232148240343,18572953.75187353220105323
"TCA","Natural Forest",False,95.62349229587780214,19562.53504381919320838
"TCA","Natural Forest",True,381.8298580634164020,415.41184600323202243
"TCA","Non-Natural Forest",False,90.64013420572809035,126.49922594019963586
"TCA","Non-Natural Forest",True,60.06849840084962266,61.78471870050457317
"TCA","Unknown",False,7858.64232622848085864,76262.08059477768239176
"TCA","Unknown",True,2364.50757565405409858,2723.70441921839543776
"TCD","Natural Forest",False,331630.58197815869916956,9170110.0310552182823662
"TCD","Non-Natural Forest",False,153.80198776947156408,10495.48079799937500367
"TCD","Unknown",False,77965.29210112735556816,117814489.78234546314771345
"TGO","Natural Forest",False,452517.71560363562497446,1702573.50891224760447995
"TGO","Natural Forest",True,1470.9577247326573314,1483.0275076690969639
"TGO","Non-Natural Forest",False,3525.99771446810928513,32212.03597242856160197
"TGO","Non-Natural Forest",True,0.76454367669542113,0.84092964407226563
"TGO","Unknown",False,93801.62116704267256542,3953993.40304393079553688
"TGO","Unknown",True,160.36611972840619332,169.99221266147733332
"THA","Natural Forest",False,9079947.86631987614139106,11255547.98643688314791723
"THA","Natural Forest",True,5691487.01422280229565138,5719404.13239058181803518
"THA","Non-Natural Forest",False,1107438.20453773720194680,1657155.76492268020024700
"THA","Non-Natural Forest",True,190399.80963550626481014,192461.50512753465949546
"THA","Unknown",False,3836284.31475051420035815,32514868.60092194722280476
"THA","Unknown",True,49891.19798182199377326,54495.82466717925755590
"TJK","Natural Forest",False,47112.89583300523769582,143801.44207158020591617
"TJK","Non-Natural Forest",False,124.17769693378472242,2135.250149062276054795
"TJK","Unknown",False,13019.876267648026822204,14065379.18678444500807503
"TKM","Natural Forest",False,1320.876238670542492,2645.72839671678396863
"TKM","Non-Natural Forest",False,13.116369297402345499,80.198511145206144358
"TKM","Unknown",False,8844.88500721473303237,48957025.3518868158192493
"TLS","Natural Forest",False,651395.58453819051270393,1034257.74843403498311805
"TLS","Natural Forest",True,350.16136688879010404,350.16136688879010404
"TLS","Non-Natural Forest",False,11084.23552258285723969,15653.18924980498405802
"TLS","Unknown",False,63404.92244489493079393,441305.3484055185553800
"TLS","Unknown",True,0.0,0.15235486799641929
"TTO","Natural Forest",False,176075.5600196094135357,180009.8796759533997221
"TTO","Natural Forest",True,150751.9475567543740456,150844.2798883632539966
"TTO","Non-Natural Forest",False,5660.17762679331454207,5850.62159079542882260
"TTO","Non-Natural Forest",True,682.11078728687164311,683.32177193400273171
"TTO","Unknown",False,56451.69354914553414916,176242.54581728431622880
"TTO","Unknown",True,2222.64088427819611617,2268.18961213499828417
"TUN","Natural Forest",False,139153.34762591750662827,200740.11425380728062010
"TUN","Non-Natural Forest",False,26229.900579030906393656,36435.937322054291818035
"TUN","Unknown",False,58544.97250330098915412,15249809.23422211039721541
"TUR","Natural Forest",False,6101821.856330391542034685,9313639.799889118502724145
"TUR","Non-Natural Forest",False,2600511.523749202341728596,3199080.11775553346696580
"TUR","Unknown",False,1358478.392169212841299830,65557589.35621218715196308
"TUV","Unknown",False,0.0,49.6740143655462652
"TWN","Natural Forest",False,1070024.44288447940196145,1141758.63834465397240738
"TWN","Natural Forest",True,585524.50560232441204605,586861.95707514691799459
"TWN","Non-Natural Forest",False,493448.57628334433863103,531217.48537542191162018
"TWN","Non-Natural Forest",True,6647.53743989046479465,6663.03587865642044375
"TWN","Unknown",False,171997.13514494675352977,1359195.19967805868804672
"TWN","Unknown",True,14538.48759020520038663,14956.21448402323501716
"TZA","Natural Forest",False,17479132.49660624328225686,26583703.55585428072147823
"TZA","Natural Forest",True,694936.98790297158323192,702988.77024531645636952
"TZA","Non-Natural Forest",False,209200.56514342663924209,351186.28743593673687627
"TZA","Non-Natural Forest",True,5317.18792741036579032,5376.87896656489522172
"TZA","Unknown",False,7985103.29010545722784878,66374605.42236217232726431
"TZA","Unknown",True,31916.18701795655117309,35111.51437691115837507
"UGA","Natural Forest",False,1311965.88617597060747320,1639120.18497310680719667
"UGA","Natural Forest",True,424733.07791473364476831,424896.52392393444664231
"UGA","Non-Natural Forest",False,190247.40119763404594545,225779.88122593352298278
"UGA","Non-Natural Forest",True,10236.28418010264604052,10237.20661945535298052
"UGA","Unknown",False,5753643.16015894624081366,21769638.76369229010464340
"UGA","Unknown",True,74126.50455678209212552,74225.23922972239977190
"UKR","Natural Forest",False,5025973.98783355394526721,5472692.09388191957801849
"UKR","Non-Natural Forest",False,3718858.33436691396092869,4130519.38790724535891140
"UKR","Unknown",False,2388449.936686109398395305,50532886.08460407474520199
"UMI","Natural Forest",False,58.33025820883793,85.37553374121411
"UMI","Natural Forest",True,58.03757035422311,58.768528461462694
"UMI","Non-Natural Forest",False,0.29237982335937505,0.65783723079535595
"UMI","Unknown",False,25.875550851584202,393.51550578177279
"UMI","Unknown",True,3.3623575897558586,3.3623575897558586
"URY","Natural Forest",False,717848.47013520889089067,975465.56144269881253738
"URY","Non-Natural Forest",False,418186.46044520621101132,1155014.69286839404025633
"URY","Unknown",False,557355.24301847955830428,15629456.30610587003954480
"USA","Natural Forest",False,199039861.75755030325491974,224176239.083113040749080486
"USA","Natural Forest",True,194552.83640232814550800,195239.00666308133184750
"USA","Non-Natural Forest",False,16372417.938487413409611278,18366480.249996100673947668
"USA","Non-Natural Forest",True,15.01682236341796946,15.23206868926106816
"USA","Unknown",False,63763161.176523797744149193,704539720.049303538655353200
"USA","Unknown",True,5316.43330418506436759,5521.82040807743986096
"UZB","Natural Forest",False,43687.27407005904420704,137000.409114463350812
"UZB","Non-Natural Forest",False,226.463269458936579511,1858.728379514324906615
"UZB","Unknown",False,62262.635518514649931141,44616522.6777215520593714
"VCT","Natural Forest",False,18301.04761604245466058,20121.71782570776647663
"VCT","Natural Forest",True,6158.8799230032867806,6325.3740949551242973
"VCT","Non-Natural Forest",False,88.48040357778651955,143.34845146030647195
"VCT","Non-Natural Forest",True,0.74949556381456169,1.42405499366265191
"VCT","Unknown",False,4446.65451339799368450,12995.51694840158403081
"VCT","Unknown",True,114.8022105533843005,201.44032598377326324
"VEN","Natural Forest",False,11502555.64258295863697676,13640484.50377215817071523
"VEN","Natural Forest",True,38072953.94013727833535581,38108127.30932991127997191
"VEN","Non-Natural Forest",False,112981.96160458960180954,230833.10494862144689179
"VEN","Non-Natural Forest",True,6.37467814259548652,7.36070288924207962
"VEN","Unknown",False,6305211.98268184105685863,38710633.64110084283001507
"VEN","Unknown",True,525759.91078666501182204,545930.09562502018682894
"VGB","Natural Forest",False,2624.62396021829728396,2945.22117397680912718
"VGB","Natural Forest",True,2450.24855179959671122,2465.81502948867792842
"VGB","Non-Natural Forest",False,17.10163136780816057,25.94442404365234115
"VGB","Non-Natural Forest",True,8.84392601032335116,9.06319354020290776
"VGB","Unknown",False,1799.35678467087678746,10840.44134039773077908
"VGB","Unknown",True,563.70602971665675842,645.55933799900260149
"VIR","Natural Forest",False,9626.71787177075085565,10303.0031550154830593
"VIR","Natural Forest",True,2459.97498707050854119,2466.62877532099233969
"VIR","Non-Natural Forest",False,102.21769255675565495,135.64537154951174012
"VIR","Non-Natural Forest",True,2.41291338365451423,2.48603421155490487
"VIR","Unknown",False,6545.17943611743350019,23012.57754209881695744
"VIR","Unknown",True,261.47758749721339516,293.50333620400812594
"VNM","Natural Forest",False,6244713.25769272319050831,8535814.96917266695312796
"VNM","Natural Forest",True,6124097.31358832009978236,6159524.48902447661462716
"VNM","Non-Natural Forest",False,1336656.34516464574656719,1966921.17323203882972837
"VNM","Non-Natural Forest",True,263052.51621630317536073,268581.28816207505521131
"VNM","Unknown",False,2237946.67183005167912846,15631374.32114779690525574
"VNM","Unknown",True,344368.47791269484799654,364755.09367929251165923
"VUT","Natural Forest",False,694266.50760682064236987,706965.97181582403001257
"VUT","Natural Forest",True,361301.6470158790659363,365016.9224021940043163
"VUT","Non-Natural Forest",False,48622.52153336824841472,48755.64589251989252168
"VUT","Non-Natural Forest",True,4158.04190820696063114,4161.13887267296006544
"VUT","Unknown",False,70745.41157175049059399,104775.71662760110271602
"VUT","Unknown",True,2058.93562543327155373,2212.63106723757512481
"XAD","Natural Forest",False,49.9625097148958239,198.6618727357639231
"XAD","Non-Natural Forest",False,33.81914103705293896,40.30179227146265940
"XAD","Unknown",False,827.4603545224228898,46495.51317198433370213
"XKO","Natural Forest",False,307521.29825600048439783,359612.12998367483880983
"XKO","Non-Natural Forest",False,8624.00786257461615374,9776.33637954131131060
"XKO","Unknown",False,53792.399086478641379854,714270.993083915252864204
"YEM","Natural Forest",False,119.0590633556097297,92526.2117111801757054
"YEM","Non-Natural Forest",False,0.0,602.48420817443298452
"YEM","Unknown",False,7.1046599795730235,45124859.748592251379745
"Z01","Natural Forest",False,751073.37686725724615993,1175980.10219247391017191
"Z01","Non-Natural Forest",False,193822.65323287833651760,274841.03603816487054285
"Z01","Unknown",False,128124.47557088786733816,8973400.47823455121647727
"Z02","Unknown",False,0.4370693280989583,457698.1482901449
"Z03","Non-Natural Forest",False,0.0,0.06274279436197917
"Z03","Unknown",False,6.98726162472439692,3094760.34536419317475
"Z04","Unknown",False,6.345145292675781,30760.568303083112818
"Z05","Unknown",False,4.18120495425781328,25810.8815762580604809
"Z06","Natural Forest",False,266995.9140091122514660,564018.713591256400139
"Z06","Non-Natural Forest",False,3532.009762248426008326,7133.170405256676715506
"Z06","Unknown",False,27008.270898405462492985,7609310.04511138078408807
"Z07","Natural Forest",False,1354820.00118778235201999,1899537.89924299487124666
"Z07","Natural Forest",True,3690127.87870319463500459,3732494.92688652456804769
"Z07","Non-Natural Forest",False,8724.37902360344492284,15484.83131257169615239
"Z07","Non-Natural Forest",True,8798.02081049645644068,8968.77507112380876455
"Z07","Unknown",False,55730.54551376260620257,1037087.84628766588519958
"Z07","Unknown",True,18357.21710224190388767,19303.25534754687802642
"Z08","Unknown",False,0.0,141829.5218528802
"Z09","Unknown",False,0.9247041416178385,108463.27288113700277756
"ZAF","Natural Forest",False,2431254.16902120610236247,4065439.59211929466865929
"ZAF","Natural Forest",True,112854.96933979815044497,112961.60253137998827905
"ZAF","Non-Natural Forest",False,1495409.19929272716919380,2738523.44866988668112062
"ZAF","Non-Natural Forest",True,6593.55970510103225445,6656.56141378711834758
"ZAF","Unknown",False,1930941.40796700759841512,115041238.41049707429072546
"ZAF","Unknown",True,6067.96239979943351261,6225.44172573143105601
"ZMB","Natural Forest",False,19240496.34621762994700059,34284917.17644781306626523
"ZMB","Natural Forest",True,308558.64947816912672956,308567.52658404674352916
"ZMB","Non-Natural Forest",False,34873.92824412584909021,100132.85697752992865977
"ZMB","Non-Natural Forest",True,84.80670252871798556,84.95688202440103674
"ZMB","Unknown",False,4468563.75244551684203782,40401233.18964111916199693
"ZMB","Unknown",True,22446.75007876877754318,22473.41574528403289825
"ZNC","Natural Forest",False,17807.57731535027188088,50327.2508436835264359
"ZNC","Non-Natural Forest",False,1907.4443491363639626,3817.79447240850472436
"ZNC","Unknown",False,4899.52939401812547847,608684.60152738719785853
"ZWE","Natural Forest",False,999797.22939990378555515,5675175.63345056885442041
"ZWE","Natural Forest",True,6943.96164685802952496,6953.17436801674117696
"ZWE","Non-Natural Forest",False,39711.41149491642016783,82780.75263100296987552
"ZWE","Non-Natural Forest",True,418.16397578787804206,418.82218883801587206
"ZWE","Unknown",False,364805.54937715417028733,33238735.39136608381991261
"ZWE","Unknown",True,238.65594439216037661,240.85728573092447934
